Company,Region,City,Founded,Employees,Revenue_funding,Web,Email,Genres,Sample_games,Internship,Remote,Ownership,Notes
Dream Games,Istanbul,Istanbul (Şişli; London office),2019,350+ (Mobidictum 2025),Royal Match ~$700M H1 2025 estimate; CVC agreement ~$5B valuation (2025),https://dreamgames.com,contact@dreamgames.com (general); info@dreamgames.com (general); hr@dreamgames.com (HR),mobile puzzle / match-3,Royal Match; Royal Kingdom,unknown (career page to be monitored),unknown; large office culture dominant,CVC strategic partner (2025),Turkey's largest game company by employee count; global puzzle leader. London office; CVC strategic partnership ~$5B valuation (2025).
Peak Games,Istanbul,Istanbul,2010,220+ (Mobidictum 2025),Zynga acquisition $1.8B (2020); game revenues in billions $,https://peak.com,contact@peak.com (general); press@peak.com (press); partnerships@peak.com (partnerships); hr@peak.com (HR),mobile match-3 / puzzle,Toy Blast; Toon Blast; Match Factory!; Lost Bubble; Lost Jewels; Spades Plus; Gin Rummy Plus; Okey Plus,"yes — summer internship (office, 2024 example); TOGED internship history",office-focused (full-time in-office for internship),Zynga / Take-Two,Turkey's first game unicorn; a talent source for many new studios. Under Zynga/Take-Two; Toy Blast & Toon Blast evergreen.
Zuuks Games,Istanbul,Istanbul,2014,230+ (Mobidictum 2025),850M+ downloads; ~95M MAU (company statement),https://zuuksgames.com,support@zuuks.com (support); dmca@zuuks.com (legal),mobile simulation,Bus Simulator: Ultimate; Truck Simulator Ultimate; City Bus Driver Simulator; Off The Road; Minibus Simulator,unknown,unknown,independent,Among Turkey's largest simulation teams; global volume via Bus/Truck Simulator Ultimate. Global sim volume via Bus/Truck Simulator Ultimate.
Good Job Games,Istanbul,Istanbul (Levent/Sarıyer),2017,200+ (Mobidictum 2025),$83M total funding (2025); hypercasual portfolio sale (Azur),https://goodjobgames.com,contact@goodjobgames.com (general); people@goodjobgames.com (HR),mobile casual / puzzle / hybrid,Match Villains; Wonder Blast; Zen Match; Fun Race 3D; Let's Be Cops 3D; Draw Joust,unknown,"mixed — some positions advertised remote, office also available",independent,Hyper-casual → evergreen transition after organic growth; Levent office; Match Villains / Wonder Blast.
Gram Games,Istanbul,Istanbul; London,2012,160+ (Mobidictum 2025),Zynga acquisition ~$250M (2018),https://gram.gs,pr@gram.gs (press); jobs@gram.gs (HR); support@gram.gs (support),mobile merge / puzzle,1010!; Merge Dragons!; Merge Magic!,yes — TOGED internship history,unknown,Zynga / Take-Two,Early global successes of the merge genre. Zynga acquisition; Merge Dragons! global brand.
Rollic,Istanbul,Istanbul,2018,140+ (Mobidictum 2025),Zynga 80% stake ~$168–180M (2020),https://rollicgames.com,unknown,hypercasual / hybrid-casual,Tangle Master 3D; Color Block Jam; High Heels; Idle Lumber Empire; Hair Challenge; Screw Them All,unknown; TOGED member,unknown,Zynga / Take-Two,Zynga/Take-Two publishing arm; studio acquisitions include Popcore.
Joygame,Istanbul,Istanbul,2009,120+ (Mobidictum 2025),unknown; news of public offering application to SPK in 2025,https://joygame.com,bizdev@joygame.com (bizdev),publishing; browser; casual; MMO,Wolfteam; Legend Online; Supremacy: World War 3,unknown,unknown,independent,Long-standing local publisher; development + publishing partnerships. Publisher-developer of the Wolfteam / Legend Online era.
Spyke Games,Istanbul,Istanbul (Şişli),2020,80+ (Mobidictum 2025),$100M+ total funding; Moon Active $50M (2024),https://spykegames.com,info@spykegames.com (general); support@spykegames.com (support),mobile casual / puzzle,Tile Busters; Blitz Busters; Royal Riches; Cube Busters,unknown,unknown,independent (Moon Active partner),Peak Games alumni; forever-franchise match/puzzle focus.
Ace Games,Istanbul,Istanbul,2020,~50–75,$32–41M total fund; Playtika investment,https://ace.games,info@ace.games (general); support@ace.games (support); hr@ace.games (HR),mobile casual / puzzle / farm,Fiona's Farm; Travel Town; Clue Chase,unknown,unknown,independent (Playtika minority),Founded by ex-Peak COO Hakan Baş. Travel Town / Fiona's Farm; Clue Chase (Hasbro CLUE licensed).
Bigger Games,Istanbul,Istanbul (Şişli),2019,~40–58,$25M Series A (2025); Index seed $6M,https://biggergames.com,info@biggergames.com (general),mobile casual / match-3 / merge,Kitchen Masters; Mergedom; Match Masters,unknown,unknown,independent,Ex-Peak team; forever-franchise push via Match Masters.
Crytek Istanbul,Istanbul,Istanbul,2012/2013,unknown (Crytek global ~405),unknown,https://crytek.com,infoistanbul@crytek.com (general); contact@crytek.com (general); press@crytek.com (press); business@crytek.com (business),AAA / F2P online; CryEngine,Warface; Hunt: Showdown; CRYENGINE,yes — TOGED internship history,unknown,Crytek GmbH subsidiary,Turkish-founded Crytek's Istanbul studio. Contributes to CRYENGINE and Warface/Hunt ecosystem.
MadByte Games,Istanbul,Istanbul (Maslak),2012,~40,unknown,https://madbytegames.com,info@madbytegames.com (general),MMOFPS,Zula; Zula Mobile; Calypso: Brethren of the Coast; Zula Strike,unknown (career page exists),unknown,independent,One of Turkey's known MMOFPS studios.
Fugo Games,Istanbul,Istanbul,2010,~58,unknown; claim of 230M+ downloads,https://fugo.com,info@fugo.com.tr (general); jobs@fugo.com.tr (HR); wow@fugo.com.tr (support); privacy@fugo.com.tr (privacy),mobile word / puzzle,Words of Wonders; Words of Wonders: Search; Words of Wonders: Crossword; Words of Wonders: Blitz; Words of Wonders: Guru; Words of Wonders: Zen; Word Master; Solitaire Sunday,unknown,unknown,independent,Long-running publisher-developer; Words of Wonders word/puzzle evergreen series. Word/puzzle evergreen via Words of Wonders series.
Vertigo Games,Istanbul,Istanbul (Beşiktaş),2013,~63,unknown,https://vertigogames.co,info@vertigogames.co (general); jobs@vertigogames.co (HR); support@vertigogames.co (support),mid-core; real-time social FPS,Critical Strike; Critical Strike Portable; Critical Force,unknown; TOGED member,unknown,independent,Competitive social mobile FPS.
Grand Games,Istanbul,Istanbul,2024,~14–40+,$103M total investment (2025 news),https://grand.gs,info@grand.gs (general),hybrid-casual / puzzle,Magic Sort; Car Match; Goods Sort; Tile Match,unknown; TOGED member,unknown,independent,Parallel teams with cell model. Sort-puzzle line via Magic Sort / Goods Sort.
Agave Games,Istanbul,Istanbul,2021,unknown,$18M Series A (2024),https://agavegames.com,contact@agavegames.com (general),casual / puzzle / find,Find The Cat; What The Hex; Hexa Sort,unknown,unknown,independent,Next-gen scaling rapidly with Find the Cat.
Cypher Games,Istanbul,Istanbul,2022,unknown,$30M Series A (2025) + $10M seed,https://cyphergames.com,privacy@cyphergames.com (privacy),casual puzzle / chance / social,Match Squad,unknown,unknown,independent,Match-3 + dice hybrid via Match Squad.
Loom Games,Istanbul,Istanbul,2025,unknown,Scopely majority; $1B+ valuation news,https://loom.games,unknown,hybrid-casual puzzle,Pixel Flow!; Water Sort,unknown,unknown,Scopely majority,Extraordinarily fast exit/scale after Pixel Flow. Rapid scale/exit story after Pixel Flow.
TaleMonster Games,Istanbul,Istanbul,2024,~32,$30M+ Series A range (2026 news),https://talemonster.games,contact@talemonster.games (general); support@talemonster.games (support),casual puzzle / tower-defense elements,Match Valley; Merge Grove,unknown,unknown,independent,Former Peak developers.
Circle Games,Istanbul,Istanbul,unknown,~24,$14.6M total funding (LinkedIn),https://circle.gs,contact@circle.gs (general),3D organized / match puzzle,unknown,unknown,unknown,independent,Former Good Job / Gram origin founder profile (industry news).
Pine Games,Istanbul,Istanbul,2024,~21,$2.25M seed,https://pinegames.com,info@pinegames.com (general); careers@pinegames.com (HR),mobile merge / adventure,Viking Island: Merge Adventure; Word Weaver; Number Paint; Merge Island,unknown,unknown,independent,Ad-monetised visually appealing casual.
FOMO Games,Istanbul,Istanbul (Şişli),2019,unknown,$5M investment (2022 news),https://fomo.gs,hello@fomo.gs (general),mobile casual / hyper,Traffic Escape!; Color Blocks 3D; Seat Jam 3D; Bus Escape,unknown,office (ads listed in Istanbul),independent,Hyper-casual origin.
Revel Games,Istanbul,Istanbul,2022,unknown,Garena / Sandbox investment (amount unknown),https://revel.gs,info@revel.gs (general),casual / merge,Merge Now; Idle Merge,unknown,unknown,independent,Casual puzzle focused.
Mavis Games,Istanbul,Istanbul (Koşuyolu),2018,~10,$2M seed (Habby),https://mavisgames.com,unknown,mobile casual / puzzle,Slidey: Block Puzzle; Block Puzzle Guardian,unknown; TOGED member,unknown,independent,Habby supported retention-focused casual.
Tiramisu Studios,Istanbul,Istanbul (Kağıthane),2015,~14,unknown; claim of 100M+ downloads,https://tiramisu.game,info@tiramisu.game (general),mobile racing / drift,Drift Max Pro; Drift Max Pro; Drift Max World; Drift Max Japanese Drift,yes — TOGED internship history,unknown,independent,Drift Max series.
Mayadem,Istanbul,Istanbul (Üsküdar),2015,10–50 range,unknown,https://mayadem.com,iletisim@mayadem.com (general),children / edutainment,TRT Kids games; Rafadan Tayfa games; Kukuli games,yes — TOGED internship history,unknown,independent,Child and education-focused games. TRT Kids licensed children's games.
Narcade,Istanbul,Istanbul,2011,10–50 range,unknown,https://narcade.com,unknown,mobile casual / bubble-shooter,Farm Blast; Zen Master; Bubble Friends; Merge Farm,unknown; TOGED member,unknown,independent,Long-standing mobile publisher-developer.
Noho Games,Istanbul,Istanbul (Zeytinburnu),2018,unknown,unknown,https://noho.games,hello@noho.games (general),mobile,unknown,unknown; TOGED member,unknown,independent,TOGED member small/medium studio.
Yamy Studio,Istanbul,Istanbul (Şişli),2020,~20–25,~$300K funding (LinkedIn),https://yamystudio.com,info@yamystudio.com (general),mobile casual,unknown,yes — internship announcement published (Game Developer Intern),unknown,independent,TOGED member with active internship listing history.
Zinky Games,Istanbul,Istanbul (Kartal),2021,unknown,unknown,https://zinkygames.com,unknown,mobile puzzle / strategy,unknown,unknown; TOGED member,unknown,independent,Small mobile studio.
Noya Games,Istanbul,Istanbul,unknown,unknown,unknown,https://noyaenterprise.com,unknown,game,unknown,unknown; TOGED member,unknown,independent,TOGED member.
Valvolex,Istanbul,Istanbul,unknown,unknown,unknown,https://valvolex.com,sbkgamesco@gmail.com (general),game,unknown,unknown; TOGED member,unknown,independent,TOGED member.
Yolo Game Studios,Istanbul,Istanbul,~2022,unknown,unknown,https://yologamestudios.com,contact@yologamestudio.com (general),hidden-object / puzzle,Find Differences; Find Hidden Objects; Find Master; Spot the Difference,unknown,unknown,independent,On PocketGamer's 'up and coming' list.
Hyperlab,Istanbul,Istanbul,unknown,unknown,unknown,https://www.hyperlab.games,hello@hyperlab.games (general),hybrid-casual,unknown,unknown (remote internship posting history in the industry),office + remote possibility,independent,Hybrid-casual mobile studio.
Core Studios,Istanbul,Istanbul (Üsküdar),unknown,unknown,unknown,https://core-attacks.com,attack@core-attacks.com (general),hybrid-casual,Outlets Rush; Suzy's Restaurant; Idle Outlets,unknown,office (Üsküdar),independent,Hybrid-casual production.
SuperGears Games,Istanbul,Istanbul,2022,unknown,$2.1M seed (2025),https://supergearsgames.com,unknown,mobile racing,Racing Kingdom; Car Race,unknown,unknown,independent,Racing universe.
Midas Games,Istanbul,Istanbul,unknown,~22,$1M (Ludus 2024),https://midas.games,unknown,skill-based / casual,unknown,unknown,unknown,independent,Team originating from Gigantic.
Vento Games,Istanbul,Istanbul,unknown,unknown,$4M seed (2026 news),https://ventogames.com,info@ventogames.com (general),word / puzzle,Blossom Word Search; Word Search Adventure; Flower Word Search,unknown,unknown,independent,Family-friendly puzzle. Word-search / word casual portfolio.
Bold Games,Istanbul,Istanbul,2025,~10,$6M pre-seed (2026),https://boldgames.com,unknown,casual / sort-puzzle,Market Match!; Supermarket Match,unknown,unknown,independent,Dream/Bigger/Rollic alumni founders.
Joker Games,Istanbul,Istanbul (remote),2017,~17,unknown,https://joker.games,support@joker.games (support); support@jokergame.net (support),mobile casual,unknown,unknown,fully remote (company statement),independent,"Istanbul-based, fully remote studio."
Wixot,Istanbul,Istanbul,2013,~18,unknown,https://wixot.com,support@wixot.com (support),mobile casual,unknown,unknown,distributed team possibility,independent,Internationally distributed team.
Nowhere Studios,Istanbul,Istanbul,unknown,unknown,Monochroma Kickstarter $80K+,https://www.nowherestudios.com,unknown,PC indie puzzle-platform,Monochroma; Monochroma 2,unknown,unknown,independent,Silent narrative indie classic.
BitRaiders Games,Istanbul,Istanbul,2025,unknown,unknown,https://www.bitraiders.games,info@bitraiders.games (general),simulation / strategy,Summer Delicious Simulator; Hexa Castle; Cooking Simulator Idle,unknown,unknown,independent,New multi-platform studio.
Rokito Games,Istanbul,Istanbul (Ataşehir),2025,unknown,unknown,https://rokitogames.com,info@rokitogames.com (general),PC/mobile simulation / arcade,unknown,unknown,unknown,independent,Steam publisher independent studio.
Funverse Games,Istanbul,Istanbul (Kağıthane),unknown,unknown,unknown,https://www.funversegames.com,unknown,MOBA / battle royale mobile,Hit and Boom,unknown,unknown,independent,Games from Türkiye delegation participant.
Apps,Ankara,Ankara,unknown,unknown,unknown,https://apps.com.tr,info@apps.com.tr (general),game / software,unknown,unknown; TOGED member,unknown,independent,TOGED member list includes Ankara.
TaleWorlds Entertainment,Ankara,Ankara (METU Technopolis),2005,170+ (Mobidictum 2025),Bannerlord millions of copies; revenue estimates in the $16–30M range (3rd party),https://www.taleworlds.com,info@taleworlds.com (general); jobs@taleworlds.com (HR); support@taleworlds.com (support),PC/console sandbox action-RPG / strategy,Mount & Blade; Mount & Blade: Warband; Mount & Blade II: Bannerlord; Mount & Blade: With Fire & Sword; Napoleonic Wars; Viking Conquest,yes — TOGED internship history; software internship open position history,office-based (Teknokent); limited international remote contribution,independent,Turkey's flagship PC studio; Bannerlord on PC/console.
UDO,Ankara,Ankara,2013,100+ (Mobidictum 2025; rebrand),WePlay/Lima investment ~$4.2M valuation (2023); TaleWorlds strategic,https://udogames.com,info@udogames.com (general); support@udogames.com (support),hybrid-casual; publishing; tools (Hammer Hub),Basketball Master; Mafia Life; Goons.io; Basketball Arena Idle,yes — TOGED internship history,unknown,private (TaleWorlds investor),UDO rebrand in 2025; publishing + tools.
Alictus,Ankara,Ankara (METU Technopolis),2013,25–100 range,SciPlay $100M upfront + contingent (2022),https://alictus.com,info@alictus.com (general),hyper-casual mobile,Candy Challenge 3D; Rob Master 3D; Deep Clean Inc.; Going Balls; Count Masters; Collect Em All!; Money Collector,yes — TOGED internship history,unknown,SciPlay subsidiary,A major example of a hyper-casual exit from Ankara. Part of SciPlay/Light & Wonder; Going Balls global hit.
Panteon,Ankara,Ankara (METU Technopolis),2012,~90–100,~$10M total funding (3rd party); Teknasyon relationship,https://www.panteon.games,info@panteon.games (general),mobile tower-defense / casual / sim,Raid Rush; Airport Master; Arcane Arena; Hotel Frenzy,yes — TOGED internship history,unknown,Teknasyon related (3rd party),One of the large mobile studios in Ankara. Ankara-rooted; Raid Rush / Airport Master hyper-casual hybrid.
Loop Games,Ankara,Ankara (Çankaya),2019,~42,Claim of $60M total funding; high IAP revenue reported,https://loopgames.net,support@loopgames.net (support),mobile pair-match / puzzle,Match 3D; Match Tile 3D; Find Difference,unknown; TOGED member,unknown,independent,Global scale with Match 3D.
VLMedia,Ankara,Ankara (METU Technopolis),unknown,140+ (company),unknown,https://www.vlmedia.com.tr,info@vlmedia.com.tr (general),social app + game,Waplog; Joi,yes — TOGED internship history,hybrid (company statement),independent,Game + social; hybrid work clearly stated.
Lost Panda Games,Ankara,Ankara (METU Technopolis),unknown,11 (companies),unknown; claim of 20M+ players,https://lostpandagames.com,info@lostpandagames.com (general),mobile casual / puzzle / hyper,Put the Nuts; Thread Master; Sort'n Merge; Find the Panda; Nut Sort,unknown,unknown,independent,Rapid prototyping culture (300+ prototypes).
MagicLab,Ankara,Ankara (METU Technopolis),2013,~63,unknown; claim of 1.6B+ downloads,https://maglab.com.tr,hello@maglab.com.tr (general),hyper-casual → casual,unknown,unknown,unknown,independent,High download volume Ankara studio.
Kodobur,Ankara,Ankara (METU Technopolis),unknown,~11,unknown,https://www.kodobur.com,unknown,PC/console indie + publishing,The Last Zone,yes — TOGED internship history,unknown,independent,Indie development and publishing.
Backpack Games,Ankara,Ankara,unknown,unknown,unknown,https://www.backpack.games,unknown,mobile casual / craft,Sushi Craft; Burger Craft; Clean The Sea!; Food Craft,unknown; TOGED member,unknown,independent,Games from Turkey participant.
MildMania,Ankara,Ankara,2013,unknown,unknown,https://www.mildmania.com,contact@mildmania.com (general); hr@mildmania.com (HR),indie mobile puzzle,Darklings; Rop; Darklings: Idle RPG,yes — TOGED internship history,unknown,independent,Quality indie puzzle.
Momend,Ankara,Ankara,unknown,unknown,unknown,https://momend.com,unknown,multiplayer mecha,Mech Wars; Mech Arena,unknown; TOGED member,unknown,independent,6v6 mecha battle game.
Funexagon,Ankara,Ankara,unknown,unknown,unknown,https://funexagon.net,unknown,game,unknown,unknown; TOGED member,unknown,unknown,TOGED member; product detail limited.
Kuixo,Ankara,Ankara,unknown,unknown,unknown,https://www.kuixo.com,unknown,mobile puzzle / match,Triple Star; Match Puzzle,unknown; TOGED member,unknown,independent,Games from Turkey delegation.
Happy Games,Ankara,Ankara,unknown,unknown,unknown,https://www.happygamecompany.com,hi@happygamecompany.com (general),game,unknown,unknown; TOGED member,unknown,unknown,TOGED member.
Marker Games,Ankara,Ankara (METU Technopolis),2020,~9,unknown,https://marker.gs,unknown,game,unknown,unknown; TOGED member,unknown,independent,Small Technopark studio.
Dinomore Games,Ankara,Ankara,2025,unknown,unknown,https://www.dinomoregames.com,contact@dinomoregames.com (general),PC/console; porting,Ducks In Disguise,unknown; TOGED member,unknown,independent,New PC/console studio.
Otsimo,Ankara,Ankara,2015,unknown,unknown,https://otsimo.com,support@otsimo.com (support),special training / gamification,Otsimo Special Education; Otsimo Speech Therapy; Otsimo ABA,unknown; TOGED member,unknown,independent,Edtech; listed due to TOGED membership. Special-education / speech-therapy apps (games + edtech).
Pixofun,Ankara,Ankara (METU CoZone),2005/2018 (remake),small (1–10),unknown,https://pixofun.com,info@pixofun.com (general),serious games / gamification,Footbo City; QuizGame; Football Manager lite,yes — TOGED internship history,unknown,independent,Serious games / learning.
SciPlay (Ankara varlığı),Ankara,Ankara (via Alictus),—,Alictus team,Alictus acquisition,https://www.sciplay.com,sciplaydpo@sciplay.com (general),social / casual (group),Alictus portfolio; Jackpot Party Casino; Gold Fish Casino; Quick Hit Casino,unknown; on TOGED member list,unknown,SciPlay (publicly traded in the USA),Listed as an Ankara member in TOGED. Light & Wonder; Ankara link via Alictus acquisition.
Masomo,Izmir,Izmir (+ London),2015/2016,~85–100,Miniclip acquisition 2019,https://masomo.com,support@masomo.com (support); peopleandculture@masomo.com (HR); ik@masomo.com (HR),social multiplayer sports,Head Ball 2; Basketball Arena; Online Head Ball,unknown,unknown,Miniclip / Tencent,Izmir's most well-known global exit. Part of Miniclip; Izmir & London offices.
Digitoy Games,Izmir,Izmir (Teknopark Izmir / Urla),2011/2012,~12,unknown; daily ~200K active users (previous statement),https://digitoygames.com,info@digitoygames.com (general); support@digitoygames.com (support),online multiplayer; dominoes / board games,Okey Extra; 101 Okey Extra; Poker Extra; Backgammon Extra; Batak Extra,yes — TOGED internship history,unknown,independent,LinkedIn ~12; Teknopark Izmir; board games / okey. Leading TR social board-game apps via Okey/101 Okey Extra.
MythraTech,Izmir,Izmir,2018,unknown,unknown,https://www.mythratech.com,unknown,PC simulation / strategy / action,Sailor's Journey; Opie the Defender,yes — TOGED internship history,unknown,independent,TOGED member (spelled as MytrhaTech).
Mobge,Izmir,Izmir (Bornova HQ); Eskişehir office,2011/2014,~20,~$360K/year LinkedIn estimate (low confidence),https://mobge.net,support@mobge.net (support),premium mobile; platformer; hyper,Oddmar; Hand Strike; Oddmar: World Adventurer,unknown,hybrid (2021 statement),independent,Apple Design Award history (Oddmar).
Mage Games,Izmir,Izmir (DEPARK),2022,unknown,$3.5M investment led by Actera (2024); Goal Battle 2M+ downloads,https://magegames.com,support@magegames.com (support),PvP mobile sports,Goal Battle; Football Clash,unknown,unknown,independent (Actera/Ludus),DEPARK launched; rising Izmir studio from PocketGamer.
Ruff Games,Izmir,Izmir (Buca / DEPARK),2019,unknown,unknown,https://ruffgamestudio.com,ozan@ruffgamestudio.com (general),hybrid-casual puzzle,Hidden Case; Factory Jam; Cap Sort; Case Hunter,unknown,unknown,independent,DEPARK ecosystem.
Furtle Game,Izmir,Izmir (DEPARK Beta / Buca),2016/2022,~4,TÜBİTAK 1507 support (2025 news),https://furtlegame.com,unknown,hyper-casual / idle,Pest Office!; Gold Panning!; Bakery Idle!; Idle Office,unknown,unknown,independent,DEPARK; IZOOTOP Game Jam partnership.
Althera Games,Izmir,Izmir (DEPARK Tınaztepe),unknown,unknown,unknown,https://altheragames.com,info@altheragames.com (general); press@altheragames.com (press),Unreal / PC-focused indie,unknown,student/indie support (blog); official internship program unknown,unknown,independent,Publishing UE5 guides and studio setup content.
Sharky Studios,Izmir,Izmir (Konak / Mistral),unknown,unknown,unknown,https://sharkystudios.com,unknown,mobile and web,10+ games,unknown,unknown,independent,small studio based in Izmir.
Pyro Games,Izmir,Izmir (Teknopark Izmir),2021,small (2–10),40M+ download claim (Teknopark İzmir),https://pyrogames.io,unknown,mobile shooter/merge; PC/console ARPG,K-Sniper Challenge; Merge Battle Tactics; Netherwyn,unknown,unknown,independent,Early mobile volume + Netherwyn ARPG focused.
Toon Metal Games,Izmir,Izmir (Urla / Teknopark Izmir),2021,~11,Boğaziçi Ventures portfolio,https://tm.rocks,support@toonmetal.games (support),casual / hybrid-casual + multiplayer infrastructure,beauty salon; hamster escape; sudoku/decor,career page available,unknown,independent (BV),References to Istanbul; operation in Urla/Teknopark.
Anisoft Games,Izmir,Izmir (Teknopark Izmir),~2021,unknown,unknown,https://anisoftgames.com,contact@anisoftgames.com (general),mobile,unknown,unknown,unknown,independent,Technopark Izmir registered mobile studio.
Cave Animasyon,Izmir,Izmir (Teknopark Izmir),unknown,unknown,unknown,https://www.cavevfx.com,unknown,game + animation / VR / simulation / VFX,unknown,unknown,unknown,independent,Founder from Pixar/DreamWorks; intersection of games and animation.
Stride Games,Izmir,Izmir (Urla),unknown,~6 (LinkedIn),unknown,https://stridegames.co,info@stridegames.co (general),mobile,unknown,unknown,unknown,independent,Site under construction; Gamescom 2026 İZKA noble.
Gizmolabz,Izmir,Izmir,unknown,unknown,unknown,,unknown,game / web game,unknown,unknown,unknown,independent,On the İZKA Gamescom 2026 reserve list; no official site — gizmolabz.com is a hijacked redirect page and must not be used.
Negentra,Eskişehir,Eskişehir,unknown,unknown,unknown,https://www.negentra.com.tr,info@negentra.com.tr (general),XR / simulation / digital twin / serious games,unknown,yes — TOGED internship history,unknown,independent,Eskişehir member at TOGED; game + simulation.
Analiz Games,Eskişehir,Eskişehir,2022,unknown,unknown,https://analizgames.com,analizgamesco@gmail.com (general),PC/mobile platform; AI research,Stress Ball (Steam); Stress Ball,career page exists; open internship unknown,unknown,independent,Anatolian ecosystem independent studio.
Gorgonize Games,Eskişehir,Eskişehir,2022,unknown,unknown,https://gorgonizegames.com,unknown,PC / console / board game,Crime Scene (Suç Mahalli),unknown,unknown,independent,City weak in primary resources; references to Eskişehir.
Zahiri Studio,Eskişehir,Eskişehir,2015,~3,unknown,https://www.linkedin.com/company/zahiri-studio,unknown,game art / 2D-3D / UI,service studio,unknown,unknown,independent,"Not a developer, art/service."
Teneke Kafalar Studios,Eskişehir,Eskişehir,unknown,unknown,unknown,https://tenekekafalar.com,business@tenekekafalar.com (business),PC multiplayer / party / co-op horror,Feign; Feather Party; Throwia; Party Game Night,unknown,unknown,independent,City citation level; rich portfolio.
Mobge Eskişehir ofisi,Eskişehir,Eskişehir (Anadolu Teknopark),2014,Mobge total ~20,see Mobge,https://mobge.net,support@mobge.net (support),mobile,Oddmar; Hand Strike; Oddmar: World Adventurer,unknown,hybrid,independent,HQ Izmir; office in Eskişehir.
Pundun Games,Other cities,Bursa,2022/2023,~3,unknown,https://pundun.co,hi@pundun.co (general); cv@pundun.co (general),mobile hyper/hybrid/midcore,Smash Ball Up; Merge and Battle!; Chaos Arena,CV accepted (cv@pundun.co); official internship unknown,unknown,independent,Bursa independent studio.
LablaGames,Other cities,Bursa (Osmangazi),unknown,11–50 range,unknown,https://www.linkedin.com/company/lablagames,unknown,mobile,unknown,unknown,unknown,LablaSoft,LinkedIn based; cautious registration.
Keby Games,Other cities,Bursa (Nilüfer),2017,unknown,unknown,https://www.keby.net,info@keby.net (general); games@keby.net (general),mobile multiplayer / casual,Nightcore; VegaOnline; Word Busters; Wonder Boys,unknown,unknown,independent (Baypro),Mobile studio based in Bursa.
Click Game Studio,Other cities,Bursa (Nilüfer),~2020,unknown,VOR 4.5M TL + Netmarble Turkey investment (2021),https://www.instagram.com/clickgamestudio/,unknown,hyper-casual mobile,unknown,unknown,unknown,Netmarble Turkey related,"Bursa hyper-casual; closed as an independent studio after the exit to Netmarble, and the domain has lapsed."
SPT Studios,Other cities,Muğla & Bursa,2024,small,unknown,https://sptstudios.com,contact@sptstudios.com (general),mobile casual / shooter / puzzle,Glow Tiles; Squad Ops; Boost Raid; Lost Haven,unknown,unknown,independent,Two-city independent mobile studio.
Happy Crab,Other cities,Kocaeli (Technology Valley),2020,unknown,unknown,https://happycrab.com.tr,unknown,mobile development/publishing,Zatonya Chasing Asteroid; CDS - Car Drifting Simulator 2023,unknown,unknown,independent,AA news story; Bilişim Vadisi. The official site's TLS certificate has been expired since 2023.
Spell Factory,Other cities,Gebze / Informatics Valley (Kocaeli),~2024/2025,~7 founding team,unknown,https://spellfactory.games,unknown,platformer; Web3,Clashub; The Infected Soul,career page available,unknown,independent,Not Eskişehir; Gebze.
ATTA Games,Other cities,Antalya (OSB Technopark / Döşemealtı),2024,~6,unknown,https://atta.games,hi@atta.games (general); partner@atta.games (partnerships),puzzle / hybrid-casual,unknown,unknown,unknown,independent,Antalya OSB Technopark studio.
32play,Other cities,Antalya (Konyaaltı),2022,~2,$2M fund (LinkedIn),https://32play.pro,unknown,game tools / resources,unknown,unknown,unknown,independent,Antalya + US presence.
TAMU Games,Other cities,Antalya,2024,unknown,unknown,https://www.linkedin.com/company/tamugames,unknown,PC / console indie,King Slayer,unknown,unknown,independent,Antalya-based PC/console studio; tamugames.com has been down since December 2025 and it may have closed.
Pokuch,Other cities,Trabzon,2019,~10,unknown,https://pokuch.com,contact@pokuch.com (general),PC survival adventure,Blind Descent,unknown,unknown,independent,Trabzon HQ.
Feelcrafters,Other cities,Gaziantep (Teknopark),~2023,unknown,unknown,https://feelcrafters.com,hello@feelcrafters.com (general),mobile puzzle,unknown,There is a gradual hiring process; internship details unknown,unknown,independent,Gaziantep Technopark studio.
Rubedo Games,Other cities,Mersin,2022,~4,unknown,https://store.steampowered.com/search/?developer=Rubedo%20Games,unknown,PC indie,Soulbind: Tales of the Underworld,unknown,unknown,independent,Mersin HQ; international presence.
Arkhe Games,Other cities,Mersin (office; remote team),2021,~34 (company statement; 3 continents),50M+ downloads / 140 countries (company),https://arkhegames.com,contact@arkhegames.com (general),mobile hyper/hybrid,Human Fortune; Battery Run,unknown,remote-heavy + Mersin office,independent,Mersin-based scaled mobile studio.
Wide Game Studio,Other cities,Kayseri (AGÜ),2019,~9,$1.2M valuation claim (2024),https://widegamestudio.com,info@widegamestudio.com (general),AR/VR,Flare Frenzy; Flare Frenzy 2; Santa Climber; GRAVI; Wizard's Legacy; Wizard's Tower,unknown,unknown,independent,AA / Workup Gaming visibility.
Kirpy Games,Other cities,Adana (Seyhan),2021,unknown,unknown,https://kirpygames.com,info@kirpygames.com (general),casual / hyper-casual mobile,unknown,unknown,unknown,independent,Adana-based mobile studio.
imaginite Games Studio,Other cities,Istanbul (since 2022; previously Adana Çukurova Teknopark),2015,unknown,unknown,https://imaginitesoft.com/,unknown,mobile + animation,unknown,unknown,unknown,independent,Moved from Adana to Istanbul in 2022; activity could not be verified since 2025 and it appears dormant.
Hookey Games,Other cities,Konya (Selçuklu),2020,~5,unknown,https://hookeystudio.com,unknown,mobile,unknown,unknown,unknown,independent,Small mobile studio based in Konya.
Boom Codes,Other cities,Samsun Teknopark (HQ Istanbul),2021,small,unknown,https://boomcodes.com,unknown,hyper-casual; AI,unknown,unknown,unknown,independent,Samsun office; central Istanbul.
Ruby Games,Istanbul,Istanbul,2017,unknown,AppLovin acquisition (2021),https://rubygames.com,rubygames.privacy@rovio.com (privacy); rubygames.info@rovio.com (general); info@rubygamestudio.com (general); hr@rubygamestudio.com (HR),hyper-casual,Draw Climber; Tall Man Run; Bridge Race; Fun Race 3D (yayın),unknown,unknown,AppLovin,Early hyper-casual exit example; part of Rovio (Izmir); Draw Climber era.
Stormling Studios,Istanbul,Istanbul,unknown,unknown,unknown,https://stormlingstudios.com,scaliskan93@gmail.com (general),PC/console indie,unknown,unknown,unknown,independent,Local studio mentioned in Wikipedia category.
Motion Blur,Istanbul,Istanbul,unknown,unknown,unknown,https://motionblur.com.tr,unknown,cinematic / game visual,unknown,unknown,unknown,independent,Visual studio for games and cinema; classified under game company category.
Simsoft,Ankara,Ankara (METU Technopolis),2006,unknown,unknown,https://simsoft.com.tr,info@simsoft.com.tr (general); info@simsoftech.com (general); ist@simsoft.com.tr (general),simulation / serious games / defense,unknown,yes — TOGED internship history,unknown,independent,Not a classic game studio; on TOGED internship list.
HAVELSAN,Ankara,Ankara,1982,unknown,unknown,https://havelsan.com.tr,unknown,defense simulation / training,unknown,yes — TOGED internship history,unknown,public connection,Not a studio; for simulation scope. Defense sim/training (not a classic game studio).
Reo-Tek,Ankara,Ankara (METU Technopolis),unknown,unknown,unknown,https://reo-tek.com,info@reo-tek.com (general),VR / digital museology,unknown,yes — TOGED internship history,unknown,independent,Serious/VR; on TOGED internship list.
Paxie Games,Istanbul,Istanbul,2021,unknown,DoubleU Games 60% stake $27M (2025); Merge Studio $34M+ cumulative revenue report,https://paxiegames.com,hey@paxiegames.com (general); support@paxiegames.com (support),mobile merge / casual,Merge Studio: Fashion Makeover; Tile Star; Mahjong Infinity; Merge Fashion,unknown,unknown,DoubleU Games (majority),Exit from Ludus portfolio; merge-2 hit.
Mission Control Games,Istanbul,Istanbul; London,2026,small (early),"$4M pre-seed (General Catalyst, 2026)",https://missioncontrol.gs,contact@missioncontrol.gs (general),casual puzzle,in early game development stage,unknown,unknown,independent,General Catalyst $4M pre-seed; Merge Dragons! veterans; London+Istanbul.
Mindtail,Istanbul,Istanbul,unknown,unknown,~$2M pre-seed (industry news),https://mindtail.co,info@mindtail.co (general),mobile hybrid-casual,unknown,unknown,unknown,independent,New Istanbul-based studio; the founders are industry veterans and no game has shipped yet.
Lokum Games,Istanbul,Istanbul,~2010s (Zula origin),unknown,unknown,https://www.lokumgames.com,contact-mobile@lokumgames.com (general),mobile FPS / shooter,Tactical Strike; Idle Strike,unknown,unknown,independent,Mobile shooter platform with Zula experience.
Leap Games,Istanbul,Istanbul,~2023/2024,unknown,unknown,https://www.leapgames.mobi,unknown,mobile hidden-object / puzzle,Hidden Tales; Search It; Hidden Object Mysteries,unknown,unknown,independent,Sarıyer/Emirgan; casual hidden-object.
Fortune Mine Games,Istanbul,Istanbul (Kadıköy),2021,~24,$2.85M total funding (Ludus),https://fortunemine.com,info@fortunemine.com (general),social / casual mobile,Coin Chef; Merge Cooking,unknown,unknown,independent,Long-lasting social casual focus.
Gleam Games,Istanbul,Istanbul,~2021,unknown,Game District acquisition (2024 news),https://gleamgames.com,account@gleamgames.com (general),mobile puzzle / match,EverBlast; Match Blast,unknown,unknown,Game District,job listings active.
Playable Factory,Istanbul,Istanbul,unknown,unknown,Tamatem acquisition (industry news),https://playablefactory.com,hello@playablefactory.com (general),playable ad / creative technology,playable ads / UA creatives,unknown,unknown,Tamatem,Tamatem acquisition news; focused on playable production.
Hungri Games,Istanbul,Istanbul (+ Belfast),2019,unknown,unknown,https://hungrigames.com,unknown,mid-core / RPG / multiplayer mobile,unknown,unknown (career page exists),unknown,independent,"Istanbul-based, international team."
Biotech Gameworks,Istanbul,Istanbul,2023,~10 (LinkedIn),unknown,https://biotechgameworks.com,info@biotechgameworks.com (general); contact@biotechgameworks.com (general),PC simulation / cooking,Kebab Chefs!; Cooking Idle,unknown,unknown,independent,Kebab Chefs! cooking/sim.
Abrakadabra Games,Istanbul,Istanbul,unknown,unknown,funded (industry listings),https://abrakadabragames.io,unknown,mobile,unknown,unknown,unknown,independent,Istanbul mobile studio.
Apphic Games,Istanbul,Istanbul,unknown,unknown,funded (industry listings),https://apphic.com,info@apphic.com (general),mobile,Nusrat; Fetih İstanbul; Ottoman Empire Strategy,unknown,unknown,independent,Early stage Istanbul studio.
Studio Billion,Istanbul,Istanbul,2017,unknown,funded (industry listings),https://studiobillion.com,info@studiobillion.com (general); hr@studiobillion.com (HR); business@studiobillion.com (business),mobile casual / hypercasual / simulation,Construction Simulator 3D; HR Master; Spin Warriors Istanbul; Word Hunters; Idle Construction,unknown (career page exists),unknown,independent,Istanbul mobile studio.
Gnarly Games,Istanbul,Istanbul,unknown,unknown,WePlay investment (industry),https://gnarlyteam.com,info@gnarlyteam.com (general),casual mobile,Frontline Heroes; Agent Hunt; Sea Lords; War Heroes,unknown,unknown,independent,Fatih/Balat; WePlay investment history.
Gulliver's Games,Istanbul,Istanbul,2019,unknown,funded (industry),https://gullivers.games,takim@gullivers.games (general),mobile word / puzzle / tycoon,Word Tiles GO; Restaurant Tycoon; Plant Shop Tycoon; Word Connect Tycoon,unknown (career page exists),unknown,independent,Istanbul mobile studio.
Veloxia,Istanbul,Istanbul,unknown,unknown,Boğaziçi Ventures portfolio,https://veloxia.co,unknown,idle / simulation / MOBA,Space Colony: Idle; Idle Port; Embershard,unknown,remote-friendly (career text),independent,Levent; aligned with BV portfolio memorial.
Soft Towel Games,Istanbul,Istanbul,unknown,~10 (LinkedIn),unknown,https://softtowelgames.com,support@softtowelgames.com (support),mobile word / puzzle,Words of Paradise; Calming Word Puzzles; Word Zen,unknown,unknown,independent,Şişli + Yeşilköy; Kontra Digital.
Hyper Bandit Games,Istanbul,Istanbul,unknown,unknown,unknown,https://hyperbandit.com,hi@hyperbandit.com (general),hypercasual / hybrid-casual,unknown,unknown,unknown,independent,Istanbul hypercasual studio; per LinkedIn it also has a Tallinn office.
Sisifos Games,Istanbul,Istanbul,unknown,unknown,unknown,https://www.linkedin.com/company/sisifos-games,unknown,mobile,unknown,unknown,unknown,independent,The domain has lapsed and the Google Play developer account has passed to another company — appears to have closed.
Digidodo Games,Istanbul,Istanbul,unknown,unknown,unknown,https://digidodogames.com,support@digidodo.net (support); work@digidodo.net (HR),hybrid-casual mobile; AI-supported production,unknown,unknown,unknown,independent,Istanbul; rapid prototyping / hybrid-casual.
Boom Games,Istanbul,Istanbul,2020,unknown,unknown,https://www.boomgames.co,hello@boomgames.co (general),hypercasual / hybrid-casual,Puppet Master Run; Flip Carve; Draw Bullets; Grocery 3D,unknown,unknown,independent,Not to be confused with Boom Codes.
Gamester,Istanbul,Istanbul,unknown,unknown,unknown,https://www.instagram.com/gamesterstudio/,unknown,mobile,unknown,yes — TOGED internship history,unknown,independent,Past TOGED internship list.
Nomad Monkey,Istanbul,Istanbul,2023,1–10 (LinkedIn),unknown,https://nomadmonkey.xyz,nomad@nomadmonkey.xyz (general),VR,Tunnels; Downhill Bike; Machine Shop Simulator,unknown,unknown,independent,Tunnels Meta Quest (Mastiff release); OSTİM address trace.
GameGuru,Istanbul,Istanbul,~2010 (site); some sources 2014,~19 (company About),500M+ downloads / 5M+ DAU statement (About),https://gameguru.net,info@gameguru.mobi (general); hello@gameguru.net (general),hypercasual,Slap Kings; Fruit Clinic; Flick Goal; Street Hustle; Army Commander,unknown,unknown,independent,Ayazağa; long-term studio focused on hypercasual.
Curse Game Studio,Istanbul,Istanbul,2019,unknown,unknown,https://www.linkedin.com/company/curse-game-studio,unknown,hypercasual 3D,unknown,unknown,unknown,independent,3D hypercasual focused.
LuLu Games,Istanbul,Istanbul,2022,small,unknown,,unknown,mobile,unknown,unknown,unknown,independent,A new studio that appears on industry lists; no verifiable official site. The former lulugames.io has become a gambling site.
Metaverse Game Studios,Istanbul,Istanbul,2020,unknown,investment round (2022 industry news),https://angelicthegame.com,unknown,turn-based strategy RPG,Angelic: Dark Symphony,unknown,unknown,independent,Renamed Angelicore Game Studios in 2026; US-headquartered distributed studio with an Istanbul team.
Phoelix Games,Istanbul,Istanbul,unknown,unknown,unknown,https://phoelixgames.com,info@phoelixgames.com (general),mobile,Excavator Simulator 2025; Construction Simulator,unknown,unknown,independent,Istanbul mobile studio.
OXS Games,Istanbul,Istanbul,2021,unknown,unknown,https://oxs.games,games@oxsbilisim.com (general),mobile shooter / racing / simulation,Arena Blast; Online Drift Arena; Challenger X; Highway Truck Simulator; Highway Truck,unknown,unknown,independent,Istanbul mobile studio.
SekGames,Istanbul,Istanbul,2020,unknown,unknown,https://sekgames.com,info@sekgames.com (general),hybrid-casual / idle simulation,Police Station Idle; My Shopping Mall; Airport Idle; Idle Tycoon,no — the careers page lists full-time roles only,yes — open roles are advertised as remote,independent,Istanbul mobile studio.
Wendigo Games,Istanbul,Istanbul,2022,unknown,unknown,https://wendigo.games,hello@wendigo.games (general),narrative FPS / party game / simulation,Orpheus: Tale of a Lover; WHAT THE PAK?!; Wrap House Simulator,unknown,unknown,independent,Istanbul studio.
Overbaked Studio,Istanbul,Istanbul,2026,unknown,unknown,https://overbaked.studio,hello@overbaked.studio (general),game,unknown,unknown,unknown,independent,Newly established studio.
Rotten Games,Istanbul,Istanbul,unknown,unknown,unknown,https://rotten.games,contact@rotten.games (general),mobile puzzle / hybrid-casual,Quick Chess; Ball Climber; Chess Blitz,unknown,unknown,independent,Istanbul mobile studio.
Deneb Games,Istanbul,Istanbul / Turkey,unknown,unknown,unknown,,unknown,mobile,unknown,unknown,unknown,independent,Both the domain and the Google Play developer page are down; appears to have closed.
Rotatelab,Other cities,Gaziantep (Gaziantep Teknopark),unknown,unknown,unknown,https://rotatelab.com,info@rotatelab.com (general),mobile,Cube Land; Sort Land; Puzzle Land,unknown,yes — open roles are advertised as remote,independent,The Google Play developer address and trade registry both point to Gaziantep Teknopark; the previous Istanbul entry was incorrect.
Nokta Games,Ankara,Ankara,2017,~10–20 (LinkedIn),Supermarket Simulator millions of players; Steam hit,https://noktagames.com,unknown,PC/console simulation,Supermarket Simulator; Toy Of War; Retail Simulator,unknown,unknown,independent,Supermarket Simulator 1.0; console port partnership news.
skgames,Ankara,Ankara,2014,unknown,Traffic Rider hundreds of millions of downloads (industry),https://skgames.net,info@skgames.net (general),mobile racing / arcade,Traffic Rider; Traffic Racer; Wings on Fire; Racing Fever,unknown (career page exists),unknown,independent,Soner Kara; long-lasting mobile racing hits. Early mobile racing hits Traffic Rider/Racer.
Curve Animation,Ankara,Ankara,2014,~16 (LinkedIn),Liar's Bar viral success,https://curve.com.tr,info@curve.com.tr (general),animation + game,Liar's Bar; Chicken Away,unknown (career page exists),unknown,independent,Animation background; game visibility with Liar's Bar.
Pixega Studio,Ankara,Ankara,2015,unknown,unknown,https://www.pixegastudio.com,info@pixegastudio.com (general),game development / game art / VR / AR,Twelve Labours of Hercules; Hercules Adventures,yes — TOGED internship history,unknown,independent,TOGED internship list.
Zibumi,Ankara,Ankara (METU Technopark reference),~2008,unknown,unknown,https://zibumi.com/,unknown,casual / browser,2Seksen; Monster Kartz,yes — TOGED internship history,unknown,independent,"Early-era Ankara studio; acquired by Esri in 2020, continues as Esri R&D Center Ankara."
2DOT Games,Ankara,Ankara (METU ATOM),unknown,unknown,unknown,https://2dotgames.com,info@2dotgames.com (general),PC / mobile indie,Unbelievers,unknown,unknown,independent,ATOM ecosystem studio.
Celtwood Games,Ankara,Ankara (METU ATOM),unknown,unknown,unknown,,unknown,game,unknown,unknown,unknown,independent,ATOM ecosystem studio.
Skyloft Studios,Izmir,Izmir,2015,~10–20 (LinkedIn),unknown,https://skyloftstudios.com,unknown,hypercasual / hybrid / mid-core,Hyper Survive 3D; Hyper Knight; Hyper Casual Arena,unknown,unknown,independent (BoomHits shared office),Office merger with BoomHits; site under construction.
BoomHits,Izmir,Izmir (+ UK/Poland hub),2021,small (LinkedIn ~3; uncertain after BoomBit merger),70M+ download claim; BoomBit subsidiary,https://boomhits.com,support@boomhits.com (support),hypercasual / idle / hybrid publishing,Shoe Race; Cat Life Sim; Crazy Traffic Control; Hyper Touchdown 3D,unknown,unknown,BoomBit subsidiary,BoomBit subsidiary; Izmir+UK+PL hub.
Joinco Games,Izmir,Izmir (Aegean Technopark / Bornova),2022,~10–20 (LinkedIn),$3.3M valuation pre-seed (2024; Mobidictum),https://joincogames.com,unknown,AI-native competitive multiplayer; sport/arcade,Angry Goals; Football Arcade,career page available,unknown,independent,Angry Goals soft launch/live operation phase.
Teos Games,Izmir,Izmir,2021,~15–18 (site 15+; Tracxn ~18),unknown,https://teosgamestudio.com,info@teosgamestudio.com (general),mobile puzzle / brain-test; permanent game goal,Help Me; Puzzle Escape,career page available,remote-heavy (company statement),independent,Izmir + remote model site statement.
Room Games,Izmir,Izmir,2022,~11 (LinkedIn),unknown,https://roomgames.co,hello@roomgames.co (general),PC/console; hyper-realistic RC / multiplayer,Recharge; Idle Charge,yes — Intern Game Tester (site team list),unknown,independent,Izmir-based indie; Steam Recharge; Gamescom 2026 İZKA nominee.
HOGO Games,Other cities,Kocaeli,unknown,unknown,~$5M valuation round (2025; Red Axe + angels),https://hogogames.com,hogogames@hogogames.com (general),PC + mobile,Marble Race; Travel Jam!; Fill The Bucket; Race Puzzle,unknown,unknown,independent,Cross-platform; growing focused on PC.
Red Axe Games,Other cities,Antalya,2023,unknown,unknown (investor in HOGO),https://redaxegames.com,info@redaxegames.com (general); contact@redaxegames.com (general),PC simulation / publishing,Car For Sale Simulator 2023; Gym Simulator 24; Banker Simulator; Car Service Simulator; Gas Station Simulator,unknown,unknown,independent,Antalya; Steam sim / publisher profile.
Elite Games,Ankara,Ankara,unknown,unknown,unknown,,unknown,game,unknown,yes — TOGED internship history,unknown,independent,Comes from the TOGED internship list; the city is unsourced and the evidence points to Istanbul. No verifiable site.
Black COCO,Ankara,Ankara / Turkey,unknown,unknown,unknown,,unknown,game,unknown,yes — TOGED internship history,unknown,independent,Comes from the TOGED internship list; the evidence points to Istanbul and a closure in 2020.
Infosfer,Ankara,Ankara,unknown,unknown,unknown,,unknown,game / software,unknown,yes — TOGED internship history,unknown,independent,Comes from the TOGED internship list; the trade registry says Istanbul (Bakırköy) and infosfer.com is down — inactive for a long time.
DGR Project,Ankara,Ankara / Turkey,unknown,unknown,unknown,,unknown,game,unknown,yes — TOGED internship history,unknown,independent,Comes from the TOGED internship list; the games side operated as DGR Games and dgrproject.com is parked.
SanLab,Ankara,Ankara,unknown,unknown,unknown,https://sanlab.net,info@sanlab.net (general); support@sanlab.net (support); kvkk@sanlab.net (general); request@sanlab.net (general),simulation / serious,unknown,yes — TOGED internship history,unknown,independent,"On the TOGED internship list; serious/sim. Per the official site, headquarters is Istanbul (Kartal)."
Oldmoustache,Istanbul,Istanbul / Turkey,2014,unknown,unknown,https://www.clockwizardgames.com,clockwizardgames@gmail.com (general),game,No70: Eye of Basir; Haunt Chaser; Demonologist,yes — TOGED internship history,unknown,independent,On the TOGED internship list; continues under the name Clock Wizard Games.
Unico Studio,Istanbul,Istanbul (+ Palo Alto; Ankara presence),2018,~77–100+ (LinkedIn ~77; site 100+),1.6B+ download claim,https://unicostudio.co,unico@unicostudio.co (general),casual puzzle,Brain Test; Woody Sort; 2248; Screw Out 3D; Who is?; Word Pearls; Word Perfect; Brain Test 2,unknown (LinkedIn Intern record; career page to be monitored),remote-first / remote-first (company statement; has TR offices),independent,"Site: 1.6B+ installs, 50+ games; Palo Alto HQ + TR team dominant. Global trivia/puzzle success via Brain Test series."
Gamegos,Istanbul,Istanbul (Ataşehir),2006,~40 (LinkedIn),unknown,https://www.gamegos.com,info@gamegos.com (general); jobs@gamegos.com (HR),casual simulation / cooking,Cafeland; Manor Cafe; Adventure Bay; Marketland; Fashland; Petsland,unknown,unknown,independent,Facebook social hit → mobile F2P; Amsterdam asset on LinkedIn. Cafe-sim evergreen portfolio led by Cafeland.
Fiber Games,Istanbul,Istanbul,2018,~18 (LinkedIn),BV/Arz seed; total fund ~$1M range (LinkedIn); early BV 3M TL news,https://www.fibergames.com.tr,info@fibergames.com.tr (general),hyper/hybrid-casual,Weld It 3D; Beauty Center; Kral Şakir: Adventure Island; Opet Ultra Race; Opet Ulusal; Kral Şakir: Macera Adası,unknown,unknown,independent,Kozyatağı; Rollic publishing partnership history; claim of 200+ prototypes (BV).
Moon Star Games,Istanbul,Istanbul,2019,small (1–10; low LinkedIn),40M+ download claim,https://moonstargames.co,burakcakmak@moonstargames.co (general),open world driving / racing sim,Motorcycle Driving: Cop Chase; Bike Rider; Car Crash Simulator; Real Moto Bike Racing; Traffic Rider style racing,unknown,unknown,independent,Moon Star Games Yazilim at Play; 40M+ downloads / ~5M AU company statement.
SKEB Studios,Istanbul,Istanbul (Şişli),2018,~6 (LinkedIn),unknown; 4M+ download claim,https://skebstudios.com,hello@skebstudios.com (general); press@skebstudios.com (press),PC indie + hypercasual,Colony; Slice Master; Color Rush; Hyper Dunk; Loot Town,unknown,unknown,independent,"Site: 4M+ downloads, GIST award-winning Colony; PC+hypercasual."
Pax Animi Games,Istanbul,Istanbul,2020,~4 (LinkedIn),Entertech/Yapı Kredi ~$250K (2025); total funding ~$280K range,https://www.paxanimigames.com,info@paxanimigames.com (general),hyper/casual,Money to Billions; Pure Farm; FishAway; Idle Billionaire,unknown,unknown,independent,Bamboo/Rollic accelerator graduate.
Aden Games,Istanbul,Istanbul (+ London),2018,~10 (LinkedIn),unknown,https://adengames.com,info@adengames.com (general); ik@adengames.com (HR),hyper/casual; Web3,Weapon Craft Run; Gold Rush 3D; MarbleVerse; Craft Run,unknown (LinkedIn Intern record history),unknown,independent,Gold Rush 3D 10M+; Weapon Craft Run rapid scaling with Rollic.
Duello Games,Istanbul,Istanbul,2010,~4 (LinkedIn),iSlash 20M+ downloads (company About); exact revenue unknown,https://duello.com,support@duello.com (support),mobile puzzle / arcade,iSlash; iSlash Heroes; TripTrap; Bellyfish,unknown,unknown,independent,Early App Store hit; team seems to have shrunk.
Inventuna Games,Istanbul,Istanbul (ITU Technopolis),2021,1–10 (LinkedIn low/~2),unknown,https://www.inventuna.com,unknown,blockchain action RPG,Heroes Chained; Blockchain RPG,unknown,unknown,independent,ITU Arı Technopolis; high uncertainty in team/product post-GameFi.
Softgames (İstanbul ofisi),Istanbul,Istanbul (Berlin HQ),2006,~90 global (company remote-work statement),unknown,https://softgames.com,help@softgames.de (support); privacy@softgames.de (privacy); publishers@softgames.com (publishing),instant / web / social casual,Family Feud; Wheel of Fortune; Jeopardy!; Name That Tune; Crossword Puzzle Collection,yes — Mandatory Internship / Pflichtpraktikum announcement (site),remote-first / remote-first (company statement; Istanbul office documented),Softgames GmbH,"Berlin HQ + Toronto; Istanbul office design project (Altun, ~2022–23)."
Frostline Games,Istanbul,Istanbul (Zaim Technopark),2021,~4 (industry; 1–10),seed ~$196K (2023; VCBacked),https://frostline.games,info@frostlinegames.com (general),PC/console; MOBA / FPS arena / battle royale (planned),Kaçka (development); Naipler; Worlds War; Kaçka; Dünyalar Savaşı,unknown,unknown,independent,Zaim Teknopark; products not widely released yet.
Rocinante Games,Istanbul,Istanbul (IZU Technopark),2021,small,unknown,https://rocinantegames.com,unknown,hyper-casual mobile,unknown,unknown,unknown,independent,Small technopark studio.
Madcraft Studios,Istanbul,Istanbul,2018,1–10 (LinkedIn/Tracxn low),WePlay investment (2020),https://madcraftstudios.com,info@madcraftstudios.com (general),PC narrative adventure,Crowalt: Traces of the Lost Colony,unknown,unknown,independent,Crowalt Steam/console; madcraftstudios.com currently gives a spam/hijack impression — based on Steam registration.
Moonstar Games (3D Evi),Istanbul,Istanbul (Bakırköy),unknown,unknown,unknown,https://www.moonstargames.com,info@moonstargames.com (general),VR / PC,Castle Capture Topkapı; Despot Zombie; Historical Strategy,unknown,unknown,independent,Not to be confused with Moon Star Games (mobile).
ByteTyper,Istanbul,Istanbul (Kozyatağı); Ankara office,2019,~10,Rollic/Zynga acquisition (2021),https://bytetyper.com,unknown,hyper-casual,Racing Online; Firefighter Hero; Touchdrawn,unknown,unknown,Rollic / Zynga,Rollic/Zynga 2021; Racing Online; Firefighter Hero; Touchdrawn.
ZeroSum,Istanbul,Istanbul (Sarıyer / Vadistanbul),2020,~11–50 (LinkedIn range),Rollic/Zynga acquisition (2021),https://www.linkedin.com/company/zerosumgames,unknown,hyper-casual,Barista Life; Long Nails 3D; Off-Road Race,unknown,unknown,Rollic / Zynga,Acquired by Rollic/Zynga in 2021; founders left in 2024 and the games are published under Rollic. zerosum.co is for sale and must not be used.
Pinq Games,Ankara,Ankara (METU Technopolis / ATOM),2021,small (1–10; LinkedIn ~2),unknown,https://pinq.games,unknown,mid-core strategy; voxel R&D,Politon; Still Two Minutes,yes — intern/project contribution LinkedIn history,unknown,independent (Grazing Software),Politon full release Steam; PS/Xbox kit partnership news.
Oreon Studios,Ankara,Ankara,2022,~8,200M+ download claim,https://oreonstudios.com,info@oreonstudios.com (general),hyper/hybrid-casual,Monster Draft; Slice Master; Draw Army; Mask Evolution; Build A Car; Build Masters,unknown,unknown,independent,Founded March 2022; 200M+ downloads company statement.
Hypermonk Games,Ankara,Ankara (Hacettepe Technopark),2021,~35–36 (Tracxn/sector),~$17.5M (Hacettepe Technopolis 2024 statement); ~80M downloads,https://hypermonkgames.com,info@hypermonkgames.com (general); support@hypermonkgames.com (support),racing / casual,Highway Overtake; Dyno 2 Race; Drift 2 Drag; Count Bounce,unknown,unknown,independent,Some sources claim establishment in 2020; Highway Overtake global racing #1 claim.
Kodgraf Game Studio,Ankara,Ankara (METU Technopolis),2008,unknown,unknown,https://www.kodgraf.com,info@kodgraf.com (general),PC/mobile,Boğaz Harbi; Protector M; Hürriyet Kelime,unknown,unknown,independent,Early Teknokent studio; current activity may be limited.
Creasaur Entertainment,Ankara,Ankara,2017,11–50 range (LinkedIn),Rollic/Zynga acquisition (2021),https://creasaur.net,mail@creasaur.com (general),hyper-casual,Money Maker 3D; Hit Guys; Idle Cash,unknown,office (open office statement; not remote-first),Rollic / Zynga,Bilkent Cyberpark; Rollic/Zynga 2021. Hyper-casual / idle publisher-developer.
Quok Games,Ankara,Ankara,2020,unknown,unknown,https://quok.games,info@quok.games (general); support@quok.games (support),mobile hyper-casual / hybrid-casual,Screw Jam; Blob Runner; Hoard Master; Repair Master,unknown,unknown,independent,Ankara mobile studio (originating from ODTÜ Teknokent ATOM). The official site is quok.games; quokgames.com is an unrelated crypto project.
396 Animation & Game Studios,Eskişehir,Eskişehir (ATAP Anadolu Technopark),2018,~26,unknown,https://www.linkedin.com/company/396-animation-and-game-studios,unknown,animation + game production,TRT Çocuk: Anadolu Rock ve Tuhafiye; Mercanya; Akıncı,unknown,unknown,independent,"At ATAP; primarily local publishing/animation, also involved in game production."
Craftbridge Games,Eskişehir,Eskişehir (ATAP Software Tower / EOSB),unknown,1–10,unknown,https://craftbridgegames.com,unknown,PC indie / side-scroller,The Carnival of Company; Ginga Cantina,unknown,unknown,independent,ATAP company CRAFTBRIDGE Bilişim; published on Steam.
SensiBall VR,Eskişehir,Eskişehir (ATAP Anadolu Technopark),unknown,unknown,unknown,https://sensiballvr.com,unknown,VR / serious games / sports cognitive training,SensiBallVR platform,unknown,unknown,independent,VR for cognitive performance in football; game engine/XR intersection.
Skunkworks Studios,Eskişehir,Eskişehir,~2024,1–10,unknown,https://store.steampowered.com/curator/45559782-Skunkworks-Studios,unknown,PC indie,Master of Cigkofte; Craft & Deliver; The Dismissed Case: Black Hollow; The Dismissed Case: Blackout,unknown,unknown,independent,"Eskişehir-based one-person indie; has no domain of its own, so the Steam developer page was used as the source."
Fateloom,Eskişehir,Eskişehir,~2025,1–10,unknown,https://www.linkedin.com/company/fateloom,unknown,game tools / VFX / asset,Divine Craftedy; Fateloom All-in-One VFX Essentials; Audio Looper,unknown,unknown,independent,Has no domain of its own; LinkedIn used as the source. The former fateloom.io has fallen to gambling spam and must not be used.
ValenGate Game Studio,Eskişehir,Eskişehir,2024,1–10,unknown,https://store.steampowered.com/developer/Valengate,unknown,game,Trade Empire,unknown,unknown,independent,"New Eskişehir-based studio; valengate.com does not respond, so the Steam developer page was used as the source."
Ash & Pause,Eskişehir,Eskişehir,2025,~5,unknown,https://www.ashandpause.com,unknown,PC indie / multiplayer platformer,TaterUp; Loop 13,unknown,unknown,independent,Icarus community origin; TaterUp on Steam.
Narradive Studios,Eskişehir,Eskişehir office (HQ Istanbul reference),2025,1–10,unknown,https://narradive.com,unknown,narrative indie,Will You Be My Disciple?; Command Pocket,unknown,unknown,independent,Team in Eskişehir; narrative dark comedy.
Lumos İnteraktif,Eskişehir,Eskişehir (ATAP),2023,unknown,unknown,https://lumos.works,hello@lumos.works (general),animation / interactive content (not games),LUMI; Kukuli; Giligilis; Serra,unknown,unknown,independent,Born in the ATAP incubator; an animation/creative-technology studio rather than a game studio — an ecosystem neighbour.
Resimli Filim,Eskişehir,Eskişehir (ATAP),unknown,unknown,unknown,http://www.resimlifilim.com,unknown,animation studio,unknown,unknown,unknown,independent,Not a pure game studio; a well-established player in the Eskişehir animation ecosystem.
Koala Film Stüdyo,Eskişehir,Eskişehir (ATAP),2018,unknown,unknown,https://www.koalafilmstudio.com,info@koalafilmstudio.com (general),animation / film,unknown,unknown,unknown,independent,ATAP animation company; involved in creative industry discussions.
Cyber Panda Studios,Eskişehir,Eskişehir,unknown,unknown,unknown,,unknown,mobile / blockchain game,unknown,unknown,unknown,independent,Eskişehir references; verification limited.
Tasarım Simülasyon Teknolojileri,Eskişehir,Eskişehir (ESOGÜ Technopark),2019,unknown,unknown,https://dstechs.net,info@dstechs.net (general),simulation technologies,unknown,unknown,unknown,independent,R&D centre at ESOGÜ Teknopark; a CFD/engineering simulation firm rather than a game company — an ecosystem neighbour.
Umay Müze Tasarımı,Eskişehir,Eskişehir (ATAP),unknown,unknown,unknown,,unknown,museum / interactive experience,unknown,unknown,unknown,independent,Not a game; interactive/museum technology — ecosystem neighbor.
Games United,Ecosystem / association / incubator,Istanbul (ATAP/ARİNKOM partnership in Eskişehir),2021,—,—,https://gamesunited.co,hello@gamesunited.co (general); hr@gamesunited.co (HR),game incubation / mentoring / publishing partnership,—,runs an incubation program,—,private,Istanbul-based venture builder; its Eskişehir link is the Anadolu Üni. + ETO + ARİNKOM TTO Game and Animation Development Centre partnership.
ARİNKOM TTO,Ecosystem / association / incubator,Eskişehir (Anadolu University),—,—,—,https://arinkom.anadolu.edu.tr,unknown,technology transfer / pre-incubation,—,mentorship applications open,—,university TTO,Game incubation with Games United; ANAÇ pre-incubation area.
ATAP / ETGB,Ecosystem / association / incubator,Eskişehir,1984 (ATAP),106 active companies (general),—,https://www.atap.com.tr,atap@atap.com.tr (general),technology park management company,—,unknown,—,management company,"Mobge, 396, Craftbridge, SensiBall VR, Resimli Filim etc. included."
Icarus Oyun Geliştirme Topluluğu,Ecosystem / association / incubator,Eskişehir (ESOGÜ),2023,—,—,https://www.linkedin.com/company/icarus-oyun-gelistirme-ve-programlama-toplulugu,unknown,student game community,—,education / event,—,student community,"ESOGÜ student community (full name: Icarus Oyun Geliştirme ve Programlama Topluluğu); has no site of its own, LinkedIn used as the source."
ESTÜ Prototip Merkezi,Ecosystem / association / incubator,Eskişehir (Eskişehir Technical University),2024,—,—,https://estupromer.eskisehir.edu.tr,estupromer@eskisehir.edu.tr (press),prototype / creative industry support,—,unknown,—,university,Bringing local game teams to events like UMFF.
BEBKA,Ecosystem / association / incubator,Bursa-Eskişehir-Bilecik,—,—,—,https://www.bebka.org.tr,bebka@bebka.org.tr (general),development agency / Producing Cities,—,—,—,public,Game and Animation Development Center funding partner.
ATOM,Ecosystem / association / incubator,Ankara (METU Technopolis),2008,—,—,https://atom.org.tr,unknown,pre-incubation / incubation,—,no (redirects to studios),—,METU Technopolis,50+ graduate companies; game/animation incubator.
The Game Circle,Ecosystem / association / incubator,Ankara + Istanbul,2021,—,—,https://www.thegamecircle.com,info@thegamecircle.com (general),accelerator / publishing / investment,—,unknown,—,private,Game-focused incubation and publishing.
TOGED,Ecosystem / association / incubator,Nationwide in Turkey,—,—,—,https://toged.org,info@toged.org (general),industry association,—,'Write a Game This Summer' internship program (previous years),—,STK,Member studio list and internship matching. Turkish Game Developers Association.
OYUNDER,Ecosystem / association / incubator,Nationwide in Turkey,—,—,—,https://oyunder.org,unknown,designer/developer/producer association,—,unknown,—,STK,Industry representative organization.
Bilkent Cyberpark,Ecosystem / association / incubator,Ankara,—,—,—,https://www.cyberpark.com.tr,unknown,technopark; Games from Turkey,—,unknown,—,tech park,TOGED member; trade delegations.
Anadolu Oyun ve Animasyon Geliştirme Merkezi,Ecosystem / association / incubator,Eskişehir (Anadolu Uni. GSF),—,—,—,https://www.etonet.org.tr/proje/oyun-ve-animasyon-gelistirme-merkezi,bilgi@etonet.org.tr (general),pre-incubation / incubation,—,mentorship program,—,Anadolu Uni. + Games United + ETO + BEBKA,Producing Cities Program; animation+game talent pool.
DEPARK / BAMBU,Ecosystem / association / incubator,Izmir,—,—,—,https://www.depark.com,info@depark.com (general),technopark / digital game acceleration,—,unknown,—,DEU,"Mage, Ruff, Furtle, Althera; BAMBU D.O.S program."
Teknopark İzmir,Ecosystem / association / incubator,Izmir (İYTE / Urla),—,—,—,https://teknoparkizmir.com.tr,genelmudurluk@teknoparkizmir.com (general); genelmudurluk@teknoparkizmir.com.tr (general),tech park,—,unknown,—,tech park,"Digitoy, Pyro, Toon Metal, Cave, Anisoft etc."
Ege Teknopark,Ecosystem / association / incubator,Izmir (Bornova),—,—,—,https://www.egeteknopark.com.tr,teknoparkege@egeteknopark.com.tr (general),tech park,—,unknown,—,tech park,Joinco Games and similar game initiatives.
İZKA,Ecosystem / association / incubator,Izmir,2006,—,—,https://www.izka.org.tr,evrakkayit@izka.org.tr (general); genelsekreter@izka.org.tr (general); kurumsaliletisim@izka.org.tr (general),development agency / Gamescom participation support,—,—,—,public,"Stride, Joinco, Room, Gizmolabz Gamescom 2026 support."
Libra Softworks,Istanbul,Istanbul (Kadıköy / Merdivenköy),2017,unknown,"$30M funding (Actera, 2022)",https://librasoftworks.com/,librasoftworks@gmail.com (general),mobile casual / puzzle / word,Joy Blast; Word Universe; Goodwill Tiles; Hidden Wordz,unknown,unknown,independent (Actera investment),One of Turkey's most heavily funded studios; focused on word and puzzle games. Well-funded puzzle/word studio.
Fuse Games,Istanbul,Istanbul,unknown (2024–2025 press),unknown,"$2M funding (NFX, Lakestar)",https://fusegam.es/,fuse@fusegam.es (general); support@fusegam.es (support),mobile puzzle / match,Kitchen Match; Park Match - Car Sort Puzzle; Hexa Flow; Solitaire Connections; Jewel Sort; Word Match; Mahjong Match; Block Crunch,unknown (careers page exists),unknown,independent,Next-gen mobile studio; Kitchen Match and App Store sort/puzzle portfolio; AI-assisted production emphasis.
Mega Fortuna,Other cities,Bursa / Istanbul,2023,~28–34 (2025 press),$10M+ Aonic investment (2025); ~$12.3M total,https://megafortuna.co/,info@megafortuna.co (general),game discovery / rewards platform (play-to-earn),Richie Games; Earnimo; PunkteWelt,unknown,unknown,independent (Aonic minority stake),Not a classic studio; game discovery and rewards platform. Founders from App Samurai / POW Games. Rewarded/loyalty line via Richie Games / Earnimo.
