Firma,Bölge,Şehir,Kuruluş,Çalışan,Gelir_fon,Web,Türler,Örnek_oyunlar,Staj,Uzaktan,Sahiplik,Not
Dream Games,İstanbul,İstanbul (Şişli; Londra ofisi),2019,350+ (Mobidictum 2025),Royal Match ~$700M H1 2025 tahmini; CVC anlaşması ~$5B değerleme (2025),https://dreamgames.com,mobil puzzle / match-3,Royal Match; Royal Kingdom,bilinmiyor (kariyer sayfası izlenmeli),bilinmiyor; büyük ofis kültürü baskın,CVC stratejik ortak (2025),Türkiye'nin çalışan sayısına göre en büyük oyun şirketi; küresel puzzle lideri.
Peak Games,İstanbul,İstanbul,2010,220+ (Mobidictum 2025),Zynga satın alımı $1.8B (2020); oyun gelirleri milyarlarca $,https://peak.com,mobil match-3 / puzzle,Toy Blast; Toon Blast,"evet — yaz stajı (ofis, 2024 örneği); TOGED staj geçmişi",ofis odaklı (staj için ofiste tam zamanlı),Zynga / Take-Two,Türkiye'nin ilk oyun unicorn'u; birçok yeni stüdyonun yetenek kaynağı.
Zuuks Games,İstanbul,İstanbul,2014,230+ (Mobidictum 2025),850M+ indirme; ~95M MAU (şirket beyanı),https://zuuksgames.com,mobil simülasyon,Bus Simulator: Ultimate; Truck Simulator,bilinmiyor,bilinmiyor,bağımsız,Simülasyon türünde Türkiye'nin en büyük ekiplerinden.
Good Job Games,İstanbul,İstanbul (Levent/Sarıyer),2017,200+ (Mobidictum 2025),$83M toplam fon (2025); hypercasual portföy satışı (Azur),https://goodjobgames.com,mobil casual / puzzle / hybrid,Match Villains; Wonder Blast; Zen Match; Fun Race 3D,bilinmiyor,"karışık — bazı pozisyonlar remote ilan edilmiş, ofis de var",bağımsız,Organik büyüyüp sonra büyük yatırım alan hiper-casual → evergreen geçiş örneği.
Gram Games,İstanbul,İstanbul; Londra,2012,160+ (Mobidictum 2025),Zynga satın alımı ~$250M (2018),https://gram.gs,mobil merge / puzzle,1010!; Merge Dragons!; Merge Magic!,evet — TOGED staj geçmişi,bilinmiyor,Zynga / Take-Two,Merge türünün erken küresel başarılarından.
Rollic,İstanbul,İstanbul,2018,140+ (Mobidictum 2025),Zynga %80 hissesi ~$168–180M (2020),https://rollicgames.com,hypercasual / hybrid-casual,Tangle Master 3D; Color Block Jam; High Heels,bilinmiyor; TOGED üyesi,bilinmiyor,Zynga / Take-Two,Popcore dahil stüdyo satın alımlarıyla büyüyen yayıncı-geliştirici.
Joygame,İstanbul,İstanbul,2009,120+ (Mobidictum 2025),bilinmiyor; 2025'te SPK'ya halka arz başvurusu haberi,https://joygame.com,yayıncılık; browser; casual; MMO,Wolfteam; Legend Online,bilinmiyor,bilinmiyor,bağımsız,Uzun soluklu yerli yayıncı; geliştirme + yayın ortaklıkları.
Spyke Games,İstanbul,İstanbul (Şişli),2020,80+ (Mobidictum 2025),$100M+ toplam fon; Moon Active $50M (2024),https://spykegames.com,mobil casual / puzzle,Tile Busters; Blitz Busters; Royal Riches,bilinmiyor,bilinmiyor,bağımsız (Moon Active ortağı),Peak veteranları; forever-franchise hedefi.
Ace Games,İstanbul,İstanbul,2020,~50–75,$32–41M toplam fon; Playtika yatırımı,https://ace.games,mobil casual / puzzle / farm,Fiona's Farm,bilinmiyor,bilinmiyor,bağımsız (Playtika azınlık),Eski Peak COO Hakan Baş kurucusu.
Bigger Games,İstanbul,İstanbul (Şişli),2019,~40–58,$25M Series A (2025); Index tohum $6M,https://biggergames.com,mobil casual / match-3 / merge,Kitchen Masters; Mergedom,bilinmiyor,bilinmiyor,bağımsız,Eski Peak ekibinden; evergreen match'e geçiş.
Crytek Istanbul,İstanbul,İstanbul,2012/2013,bilinmiyor (Crytek global ~405),bilinmiyor,https://crytek.com,AAA / F2P online; CryEngine,Warface katkısı; Hunt ekosistemi,evet — TOGED staj geçmişi,bilinmiyor,Crytek GmbH iştiraki,Türk kuruculu Crytek'in İstanbul stüdyosu.
MadByte Games,İstanbul,İstanbul (Maslak),2012,~40,bilinmiyor,https://madbytegames.com,MMOFPS,Zula,bilinmiyor (kariyer sayfası var),bilinmiyor,bağımsız,Türkiye'nin bilinen MMOFPS stüdyolarından.
Fugo Games,İstanbul,İstanbul,2010,~58,bilinmiyor; 230M+ indirme iddiası,https://fugo.com,mobil kelime / puzzle,Words of Wonders; Words of Wonders: Search,bilinmiyor,bilinmiyor,bağımsız,Kelime oyunu portföyüyle uzun soluklu yayıncı-geliştirici.
Vertigo Games,İstanbul,İstanbul (Beşiktaş),2013,~63,bilinmiyor,https://vertigogames.co,mid-core; gerçek zamanlı sosyal FPS,Critical Strike,bilinmiyor; TOGED üyesi,bilinmiyor,bağımsız,Rekabetçi sosyal mobil FPS.
Grand Games,İstanbul,İstanbul,2024,~14–40+,$103M toplam yatırım (2025 haberleri),https://grand.gs,hybrid-casual / puzzle,Magic Sort; Car Match,bilinmiyor; TOGED üyesi,bilinmiyor,bağımsız,Hücre (cell) modeliyle paralel ekipler.
Agave Games,İstanbul,İstanbul,2021,bilinmiyor,$18M Series A (2024),https://agavegames.com,casual / puzzle / find,Find The Cat; What The Hex,bilinmiyor,bilinmiyor,bağımsız,Find the Cat ile hızlı ölçeklenen yeni nesil.
Cypher Games,İstanbul,İstanbul,2022,bilinmiyor,$30M Series A (2025) + $10M seed,https://cyphergames.com,casual puzzle / şans / sosyal,Match Squad,bilinmiyor,bilinmiyor,bağımsız,Match-3 + zar mekaniği.
Loom Games,İstanbul,İstanbul,2025,bilinmiyor,Scopely çoğunluk; $1B+ değerleme haberleri,https://loom.games,hybrid-casual puzzle,Pixel Flow!,bilinmiyor,bilinmiyor,Scopely çoğunluk,Pixel Flow sonrası olağanüstü hızlı exit/ölçek.
TaleMonster Games,İstanbul,İstanbul,2024,~32,$30M+ Series A bandı (2026 haberleri),https://talemonster.games,casual puzzle / tower-defense öğeleri,Match Valley,bilinmiyor,bilinmiyor,bağımsız,Eski Peak geliştiricileri.
Circle Games,İstanbul,İstanbul,bilinmiyor,~24,$14.6M toplam fon (LinkedIn),https://circle.gs,3D organize / match puzzle,bilinmiyor,bilinmiyor,bilinmiyor,bağımsız,Eski Good Job / Gram kökenli kurucu profili (sektör haberi).
Pine Games,İstanbul,İstanbul,2024,~21,$2.25M seed,https://pinegames.com,mobil merge / adventure,Viking Island: Merge Adventure; Word Weaver; Number Paint,bilinmiyor,bilinmiyor,bağımsız,Ad-monetised güzel görünümlü casual.
FOMO Games,İstanbul,İstanbul (Şişli),2019,bilinmiyor,$5M yatırım (2022 haberleri),https://fomo.gs,mobil casual / hyper,Traffic Escape!; Color Blocks 3D; Seat Jam 3D,bilinmiyor,ofis (ilanlar İstanbul adresli),bağımsız,Hyper-casual çıkışlı.
Revel Games,İstanbul,İstanbul,2022,bilinmiyor,Garena / Sandbox yatırımı (tutar bilinmiyor),https://revel.gs,casual / merge,Merge Now,bilinmiyor,bilinmiyor,bağımsız,Casual puzzle odaklı.
Mavis Games,İstanbul,İstanbul (Koşuyolu),2018,~10,$2M seed (Habby),https://mavisgames.com,mobil casual / puzzle,Slidey: Block Puzzle,bilinmiyor; TOGED üyesi,bilinmiyor,bağımsız,Habby destekli retention odaklı casual.
Tiramisu Studios,İstanbul,İstanbul (Kağıthane),2015,~14,bilinmiyor; 100M+ indirme iddiası,https://tiramisu.game,mobil yarış / drift,Drift Max; Drift Max Pro; Drift Max World,evet — TOGED staj geçmişi,bilinmiyor,bağımsız,Drift Max serisi.
Mayadem,İstanbul,İstanbul (Üsküdar),2015,10–50 bandı,bilinmiyor,https://mayadem.com,çocuk / edutainment,TRT Çocuk oyunları,evet — TOGED staj geçmişi,bilinmiyor,bağımsız,Çocuk ve eğitim odaklı oyunlar.
Narcade,İstanbul,İstanbul,2011,10–50 bandı,bilinmiyor,https://narcade.com,mobil casual / bubble-shooter,Farm Blast; Zen Master; Bubble Friends,bilinmiyor; TOGED üyesi,bilinmiyor,bağımsız,Uzun soluklu mobil yayıncı-geliştirici.
Noho Games,İstanbul,İstanbul (Zeytinburnu),2018,bilinmiyor,bilinmiyor,https://noho.games,mobil,bilinmiyor,bilinmiyor; TOGED üyesi,bilinmiyor,bağımsız,TOGED üyesi küçük/orta stüdyo.
Yamy Studio,İstanbul,İstanbul (Şişli),2020,~20–25,~$300K fon (LinkedIn),https://yamystudio.com,mobil casual,bilinmiyor,evet — staj ilanı yayınlanmış (Game Developer Intern),bilinmiyor,bağımsız,Aktif staj ilanı geçmişi olan TOGED üyesi.
Zinky Games,İstanbul,İstanbul (Kartal),2021,bilinmiyor,bilinmiyor,https://zinkygames.com,mobil puzzle / strateji,bilinmiyor,bilinmiyor; TOGED üyesi,bilinmiyor,bağımsız,Küçük mobil stüdyo.
Noya Games,İstanbul,İstanbul,bilinmiyor,bilinmiyor,bilinmiyor,https://noyaenterprise.com,oyun,bilinmiyor,bilinmiyor; TOGED üyesi,bilinmiyor,bağımsız,TOGED üyesi.
Valvolex,İstanbul,İstanbul,bilinmiyor,bilinmiyor,bilinmiyor,https://valvolex.com,oyun,bilinmiyor,bilinmiyor; TOGED üyesi,bilinmiyor,bağımsız,TOGED üyesi.
Yolo Game Studios,İstanbul,İstanbul,~2022,bilinmiyor,bilinmiyor,https://yologamestudios.com,hidden-object / puzzle,Find Differences; Find Hidden Objects; Find Master,bilinmiyor,bilinmiyor,bağımsız,PocketGamer 'up and coming' listesinde.
Hyperlab,İstanbul,İstanbul,bilinmiyor,bilinmiyor,bilinmiyor,https://www.hyperlab.games,hybrid-casual,bilinmiyor,bilinmiyor (remote staj ilanı geçmişi sektörde geçmiş),ofis + remote ihtimali,bağımsız,Hybrid-casual mobil stüdyo.
Core Studios,İstanbul,İstanbul (Üsküdar),bilinmiyor,bilinmiyor,bilinmiyor,https://core-attacks.com,hybrid-casual,Outlets Rush; Suzy's Restaurant,bilinmiyor,ofis (Üsküdar),bağımsız,Hybrid-casual üretim.
SuperGears Games,İstanbul,İstanbul,2022,bilinmiyor,$2.1M seed (2025),https://supergearsgames.com,mobil yarış,Racing Kingdom,bilinmiyor,bilinmiyor,bağımsız,Yarış evreni.
Midas Games,İstanbul,İstanbul,bilinmiyor,~22,$1M (Ludus 2024),https://midas.games,skill-based / casual,bilinmiyor,bilinmiyor,bilinmiyor,bağımsız,Gigantic kökenli ekip.
Vento Games,İstanbul,İstanbul,bilinmiyor,bilinmiyor,$4M seed (2026 haber),https://ventogames.com,kelime / puzzle,Blossom Word Search,bilinmiyor,bilinmiyor,bağımsız,Aile dostu puzzle.
Bold Games,İstanbul,İstanbul,2025,~10,$6M pre-seed (2026),https://boldgames.com,casual / sort-puzzle,Market Match!,bilinmiyor,bilinmiyor,bağımsız,Dream/Bigger/Rollic alumni kurucular.
Joker Games,İstanbul,İstanbul (uzaktan),2017,~17,bilinmiyor,https://joker.games,mobil casual,bilinmiyor,bilinmiyor,tam uzaktan (şirket beyanı),bağımsız,"İstanbul tabanlı, tamamen remote çalışan stüdyo."
Wixot,İstanbul,İstanbul,2013,~18,bilinmiyor,https://wixot.com,mobil casual,bilinmiyor,bilinmiyor,dağıtık ekip ihtimali,bağımsız,Uluslararası dağılımlı ekip.
Nowhere Studios,İstanbul,İstanbul,bilinmiyor,bilinmiyor,Monochroma Kickstarter $80K+,https://www.nowherestudios.com,PC indie puzzle-platform,Monochroma,bilinmiyor,bilinmiyor,bağımsız,Sessiz anlatımlı indie klasik.
BitRaiders Games,İstanbul,İstanbul,2025,bilinmiyor,bilinmiyor,https://www.bitraiders.games,simülasyon / strateji,Summer Delicious Simulator; Hexa Castle,bilinmiyor,bilinmiyor,bağımsız,Yeni çok platformlu stüdyo.
Rokito Games,İstanbul,İstanbul (Ataşehir),2025,bilinmiyor,bilinmiyor,https://rokitogames.com,PC/mobil simülasyon / arcade,bilinmiyor,bilinmiyor,bilinmiyor,bağımsız,Steam yayıncısı bağımsız stüdyo.
Funverse Games,İstanbul,İstanbul (Kağıthane),bilinmiyor,bilinmiyor,bilinmiyor,https://www.funversegames.com,MOBA / battle royale mobil,Hit and Boom,bilinmiyor,bilinmiyor,bağımsız,Games from Türkiye heyeti katılımcısı.
Apps,Ankara,Ankara,bilinmiyor,bilinmiyor,bilinmiyor,https://apps.com.tr,oyun / yazılım,bilinmiyor,bilinmiyor; TOGED üyesi,bilinmiyor,bağımsız,TOGED üye listesinde Ankara.
TaleWorlds Entertainment,Ankara,Ankara (ODTÜ Teknokent),2005,170+ (Mobidictum 2025),Bannerlord milyonlarca kopya; gelir tahminleri $16–30M bandı (3. taraf),https://www.taleworlds.com,PC/konsol sandbox aksiyon-RPG / strateji,Mount & Blade; Warband; Bannerlord,evet — TOGED staj geçmişi; yazılım stajı açık pozisyon geçmişi,ofis ağırlıklı (Teknokent); uluslararası uzaktan katkı sınırlı,bağımsız,Türkiye'nin amiral gemisi PC stüdyosu.
UDO,Ankara,Ankara,2013,100+ (Mobidictum 2025; rebrand),WePlay/Lima yatırımı ~$4.2M değerleme (2023); TaleWorlds stratejik,https://udogames.com,hybrid-casual; yayıncılık; araçlar (Hammer Hub),Basketball Master; Mafia Life; Goons.io,evet — TOGED staj geçmişi,bilinmiyor,özel (TaleWorlds yatırımcı),2025'te UDO rebrand; publishing + tools.
Alictus,Ankara,Ankara (ODTÜ Teknokent),2013,25–100 bandı,SciPlay $100M peşin + contingent (2022),https://alictus.com,hyper-casual mobil,Candy Challenge 3D; Rob Master 3D; Deep Clean Inc.,evet — TOGED staj geçmişi,bilinmiyor,SciPlay iştiraki,Ankara hyper-casual exit'inin büyük örneklerinden.
Panteon,Ankara,Ankara (ODTÜ Teknokent),2012,~90–100,~$10M toplam fon (3. taraf); Teknasyon ilişkisi,https://www.panteon.games,mobil tower-defense / casual / sim,Raid Rush; Airport Master; Arcane Arena,evet — TOGED staj geçmişi,bilinmiyor,Teknasyon ilişkili (3. taraf),Ankara'nın büyük mobil stüdyolarından.
Loop Games,Ankara,Ankara (Çankaya),2019,~42,$60M toplam fon iddiası; yüksek IAP geliri beyanı,https://loopgames.net,mobil pair-match / puzzle,Match 3D; Match Tile 3D,bilinmiyor; TOGED üyesi,bilinmiyor,bağımsız,Match 3D ile küresel ölçek.
VLMedia,Ankara,Ankara (ODTÜ Teknokent),bilinmiyor,140+ (şirket),bilinmiyor,https://www.vlmedia.com.tr,sosyal uygulama + oyun,Waplog; Joi,evet — TOGED staj geçmişi,hibrit (şirket beyanı),bağımsız,Oyun + sosyal; hibrit çalışma açıkça belirtilmiş.
Lost Panda Games,Ankara,Ankara (ODTÜ Teknokent),bilinmiyor,11 (şirket),bilinmiyor; 20M+ oyuncu iddiası,https://lostpandagames.com,mobil casual / puzzle / hyper,Put the Nuts; Thread Master; Sort'n Merge; Find the Panda,bilinmiyor,bilinmiyor,bağımsız,Hızlı prototipleme kültürü (300+ prototip).
MagicLab,Ankara,Ankara (ODTÜ Teknokent),2013,~63,bilinmiyor; 1.6B+ indirme iddiası,https://maglab.com.tr,hyper-casual → casual,bilinmiyor,bilinmiyor,bilinmiyor,bağımsız,Yüksek indirme hacimli Ankara stüdyosu.
Kodobur,Ankara,Ankara (ODTÜ Teknokent),bilinmiyor,~11,bilinmiyor,https://www.kodobur.com,PC/konsol indie + yayıncılık,The Last Zone,evet — TOGED staj geçmişi,bilinmiyor,bağımsız,Indie geliştirme ve yayın.
Backpack Games,Ankara,Ankara,bilinmiyor,bilinmiyor,bilinmiyor,https://www.backpack.games,mobil casual / craft,Sushi Craft; Burger Craft; Clean The Sea!,bilinmiyor; TOGED üyesi,bilinmiyor,bağımsız,Games from Türkiye katılımcısı.
MildMania,Ankara,Ankara,2013,bilinmiyor,bilinmiyor,https://www.mildmania.com,indie mobil puzzle,Darklings; Rop,evet — TOGED staj geçmişi,bilinmiyor,bağımsız,Kaliteli indie puzzle.
Momend,Ankara,Ankara,bilinmiyor,bilinmiyor,bilinmiyor,https://momend.com,çok oyunculu mecha,Mech Wars,bilinmiyor; TOGED üyesi,bilinmiyor,bağımsız,6v6 mecha savaş oyunu.
Funexagon,Ankara,Ankara,bilinmiyor,bilinmiyor,bilinmiyor,https://funexagon.net,oyun,bilinmiyor,bilinmiyor; TOGED üyesi,bilinmiyor,bilinmiyor,TOGED üyesi; ürün detayı sınırlı.
Kuixo,Ankara,Ankara,bilinmiyor,bilinmiyor,bilinmiyor,https://www.kuixo.com,mobil puzzle / match,Triple Star,bilinmiyor; TOGED üyesi,bilinmiyor,bağımsız,Games from Türkiye heyeti.
Happy Games,Ankara,Ankara,bilinmiyor,bilinmiyor,bilinmiyor,https://www.happygamecompany.com,oyun,bilinmiyor,bilinmiyor; TOGED üyesi,bilinmiyor,bilinmiyor,TOGED üyesi.
Marker Games,Ankara,Ankara (ODTÜ Teknokent),2020,~9,bilinmiyor,https://marker.gs,oyun,bilinmiyor,bilinmiyor; TOGED üyesi,bilinmiyor,bağımsız,Küçük Teknokent stüdyosu.
Dinomore Games,Ankara,Ankara,2025,bilinmiyor,bilinmiyor,https://www.dinomoregames.com,PC/konsol; porting,Ducks In Disguise (demo),bilinmiyor; TOGED üyesi,bilinmiyor,bağımsız,Yeni PC/konsol stüdyosu.
Otsimo,Ankara,Ankara,2015,bilinmiyor,bilinmiyor,https://otsimo.com,özel eğitim / oyunlaştırma,Otsimo Special Education,bilinmiyor; TOGED üyesi,bilinmiyor,bağımsız,Edtech; TOGED üyesi olduğu için listede.
Pixofun,Ankara,Ankara (ODTÜ CoZone),2005/2018 (yeniden),küçük (1–10),bilinmiyor,https://pixofun.com,serious games / gamification,Footbo City; QuizGame,evet — TOGED staj geçmişi,bilinmiyor,bağımsız,Serious games / öğrenme.
SciPlay (Ankara varlığı),Ankara,Ankara (Alictus üzerinden),—,Alictus ekibi,Alictus satın alma,https://www.sciplay.com,sosyal / casual (grup),Alictus portföyü,bilinmiyor; TOGED üyesi listesinde,bilinmiyor,SciPlay (ABD halka açık),TOGED'de Ankara üyesi olarak listelenir.
Masomo,İzmir,İzmir (+ Londra),2015/2016,~85–100,Miniclip satın alma 2019,https://masomo.com,sosyal çok oyunculu spor,Head Ball 2; Basketball Arena,bilinmiyor,bilinmiyor,Miniclip / Tencent,İzmir'in en bilinen global exit'i.
Digitoy Games,İzmir,İzmir (Teknopark İzmir / Urla),2011/2012,~12,bilinmiyor; günlük ~200K aktif kullanıcı (eski beyan),https://digitoygames.com,online multiplayer; okey / masa oyunları,Okey Extra; 101 Okey Extra; Poker Extra,evet — TOGED staj geçmişi,bilinmiyor,bağımsız,LinkedIn ~12; Teknopark İzmir; masa oyunları / okey.
MythraTech,İzmir,İzmir,2018,bilinmiyor,bilinmiyor,https://www.mythratech.com,PC simülasyon / strateji / aksiyon,Sailor's Journey; Opie the Defender,evet — TOGED staj geçmişi,bilinmiyor,bağımsız,TOGED üye (MytrhaTech yazımıyla).
Mobge,İzmir,İzmir (Bornova HQ); Eskişehir ofisi,2011/2014,~20,~$360K/yıl LinkedIn tahmini (güven düşük),https://mobge.net,premium mobil; platformer; hyper,Oddmar; Hand Strike,bilinmiyor,hibrit (2021 beyanı),bağımsız,Apple Design Award geçmişi (Oddmar).
Mage Games,İzmir,İzmir (DEPARK),2022,bilinmiyor,Actera liderliğinde $3.5M (2024); Goal Battle 2M+ indirme,https://magegames.com,PvP mobil spor,Goal Battle,bilinmiyor,bilinmiyor,bağımsız (Actera/Ludus),DEPARK çıkışlı; PocketGamer yükselen İzmir stüdyosu.
Ruff Games,İzmir,İzmir (Buca / DEPARK),2019,bilinmiyor,bilinmiyor,https://ruffgamestudio.com,hybrid-casual puzzle,Hidden Case; Factory Jam; Cap Sort,bilinmiyor,bilinmiyor,bağımsız,DEPARK ekosistemi.
Furtle Game,İzmir,İzmir (DEPARK Beta / Buca),2016/2022,~4,TÜBİTAK 1507 destek (2025 haber),https://furtlegame.com,hyper-casual / idle,Pest Office!; Gold Panning!; Bakery Idle!,bilinmiyor,bilinmiyor,bağımsız,DEPARK; İZOTOP Game Jam ortaklığı.
Althera Games,İzmir,İzmir (DEPARK Tınaztepe),bilinmiyor,bilinmiyor,bilinmiyor,https://altheragames.com,Unreal / PC odaklı indie,bilinmiyor,öğrenci/indie destek (blog); resmi staj programı bilinmiyor,bilinmiyor,bağımsız,UE5 rehberleri ve stüdyo kurma içerikleri yayınlar.
Sharky Studios,İzmir,İzmir (Konak / Mistral),bilinmiyor,bilinmiyor,bilinmiyor,https://sharkystudios.com,mobil ve web,10+ oyun,bilinmiyor,bilinmiyor,bağımsız,İzmir merkezli küçük stüdyo.
Pyro Games,İzmir,İzmir (Teknopark İzmir),2021,küçük (2–10),40M+ indirme beyanı (Teknopark İzmir),https://pyrogames.io,mobil shooter/merge; PC/konsol ARPG,K-Sniper Challenge; Merge Battle Tactics; Netherwyn,bilinmiyor,bilinmiyor,bağımsız,Erken mobil hacim + Netherwyn ARPG odaklı.
Toon Metal Games,İzmir,İzmir (Urla / Teknopark İzmir),2021,~11,Boğaziçi Ventures portföyü,https://tm.rocks,casual / hybrid-casual + multiplayer altyapı,beauty salon; hamster escape; sudoku/dekor,kariyer sayfası var,bilinmiyor,bağımsız (BV),Kuruluş İstanbul atıflı; operasyon Urla/Teknopark.
Anisoft Games,İzmir,İzmir (Teknopark İzmir),~2021,bilinmiyor,bilinmiyor,https://anisoftgames.com,mobil,bilinmiyor,bilinmiyor,bilinmiyor,bağımsız,Teknopark İzmir kayıtlı mobil stüdyo.
Cave Animasyon,İzmir,İzmir (Teknopark İzmir),bilinmiyor,bilinmiyor,bilinmiyor,https://www.cavevfx.com,oyun + animasyon / VR / simülasyon / VFX,bilinmiyor,bilinmiyor,bilinmiyor,bağımsız,Pixar/DreamWorks kökenli kurucu; oyun-animasyon kesişimi.
Stride Games,İzmir,İzmir (Urla),bilinmiyor,~6 (LinkedIn),bilinmiyor,https://stridegames.co,mobil,bilinmiyor,bilinmiyor,bilinmiyor,bağımsız,Site under construction; Gamescom 2026 İZKA asil.
Gizmolabz,İzmir,İzmir,bilinmiyor,bilinmiyor,bilinmiyor,,oyun / web oyun,bilinmiyor,bilinmiyor,bilinmiyor,bağımsız,İZKA Gamescom 2026 yedek listesi.
Negentra,Eskişehir,Eskişehir,bilinmiyor,bilinmiyor,bilinmiyor,https://www.negentra.com.tr,XR / simülasyon / dijital ikiz / serious games,bilinmiyor,evet — TOGED staj geçmişi,bilinmiyor,bağımsız,TOGED'de Eskişehir üyesi; oyun + simülasyon.
Analiz Games,Eskişehir,Eskişehir,2022,bilinmiyor,bilinmiyor,https://analizgames.com,PC/mobil platform; AI araştırması,Stress Ball (Steam),kariyer sayfası var; açık staj bilinmiyor,bilinmiyor,bağımsız,Anadolu ekosistemi bağımsız stüdyo.
Gorgonize Games,Eskişehir,Eskişehir,2022,bilinmiyor,bilinmiyor,https://gorgonizegames.com,PC / konsol / masa oyunu,Crime Scene (Suç Mahalli),bilinmiyor,bilinmiyor,bağımsız,Şehir birincil kaynakta zayıf; Eskişehir atıflı.
Zahiri Studio,Eskişehir,Eskişehir,2015,~3,bilinmiyor,https://www.linkedin.com/company/zahiri-studio,game art / 2D-3D / UI,hizmet stüdyosu,bilinmiyor,bilinmiyor,bağımsız,Geliştirici değil sanat/hizmet.
Teneke Kafalar Studios,Eskişehir,Eskişehir,bilinmiyor,bilinmiyor,bilinmiyor,https://tenekekafalar.com,PC multiplayer / party / co-op horror,Feign; Feather Party; Throwia,bilinmiyor,bilinmiyor,bağımsız,Şehir atıf seviyesi; portföy zengin.
Mobge Eskişehir ofisi,Eskişehir,Eskişehir (Anadolu Teknopark),2014,Mobge toplamı ~20,bkz. Mobge,https://mobge.net,mobil,Oddmar,bilinmiyor,hibrit,bağımsız,HQ İzmir; Eskişehir'de ofis.
Pundun Games,Diğer şehirler,Bursa,2022/2023,~3,bilinmiyor,https://pundun.co,mobil hyper/hybrid/midcore,Smash Ball Up; Merge and Battle!; Chaos Arena,CV kabul ediyor (cv@pundun.co); resmi staj bilinmiyor,bilinmiyor,bağımsız,Bursa bağımsız stüdyo.
LablaGames,Diğer şehirler,Bursa (Osmangazi),bilinmiyor,11–50 bandı,bilinmiyor,https://www.linkedin.com/company/lablagames,mobil,bilinmiyor,bilinmiyor,bilinmiyor,LablaSoft,LinkedIn temelli; temkinli kayıt.
Keby Games,Diğer şehirler,Bursa (Nilüfer),2017,bilinmiyor,bilinmiyor,https://www.keby.net,mobil multiplayer / casual,Nightcore; VegaOnline; Word Busters; Wonder Boys,bilinmiyor,bilinmiyor,bağımsız (Baypro),Bursa merkezli mobil stüdyo.
Click Game Studio,Diğer şehirler,Bursa (Nilüfer),~2020,bilinmiyor,VOR 4.5M TL + Netmarble Türkiye yatırımı (2021),,hyper-casual mobil,bilinmiyor,bilinmiyor,bilinmiyor,Netmarble Türkiye ilişkili,Bursa hyper-casual; Netmarble stüdyo ağına girmişti.
SPT Studios,Diğer şehirler,Muğla & Bursa,2024,küçük,bilinmiyor,https://sptstudios.com,mobil casual / shooter / puzzle,Glow Tiles; Squad Ops; Boost Raid; Lost Haven,bilinmiyor,bilinmiyor,bağımsız,İki şehirli bağımsız mobil stüdyo.
Happy Crab,Diğer şehirler,Kocaeli (Bilişim Vadisi),2020,bilinmiyor,bilinmiyor,https://happycrab.com.tr,mobil geliştirme/yayın,Zatonya Chasing Asteroid; CDS - Car Drifting Simulator 2023,bilinmiyor,bilinmiyor,bağımsız,AA haberi; Bilişim Vadisi. Resmi sitenin TLS sertifikası 2023'ten beri süresi dolmuş.
Spell Factory,Diğer şehirler,Gebze / Bilişim Vadisi (Kocaeli),~2024/2025,~7 kurucu ekip,bilinmiyor,https://spellfactory.games,platformer; Web3,Clashub; The Infected Soul,careers sayfası var,bilinmiyor,bağımsız,Eskişehir değil; Gebze.
ATTA Games,Diğer şehirler,Antalya (OSB Teknopark / Döşemealtı),2024,~6,bilinmiyor,https://atta.games,puzzle / hybrid-casual,bilinmiyor,bilinmiyor,bilinmiyor,bağımsız,Antalya OSB Teknopark stüdyosu.
32play,Diğer şehirler,Antalya (Konyaaltı),2022,~2,$2M fon (LinkedIn),https://32play.pro,oyun araçları / kaynaklar,bilinmiyor,bilinmiyor,bilinmiyor,bağımsız,Antalya + ABD varlığı.
TAMU Games,Diğer şehirler,Antalya,2024,bilinmiyor,bilinmiyor,,PC / konsol indie,King Slayer,bilinmiyor,bilinmiyor,bağımsız,Antalya merkezli PC/konsol stüdyosu (Tracxn).
Pokuch,Diğer şehirler,Trabzon,2019,~10,bilinmiyor,https://pokuch.com,PC survival adventure,Blind Descent,bilinmiyor,bilinmiyor,bağımsız,Trabzon HQ.
Feelcrafters,Diğer şehirler,Gaziantep (Teknopark),~2023,bilinmiyor,bilinmiyor,https://feelcrafters.com,mobil puzzle,bilinmiyor,kademeli işe alım süreci var; staj ayrı bilinmiyor,bilinmiyor,bağımsız,Gaziantep Teknopark stüdyosu.
Rubedo Games,Diğer şehirler,Mersin,2022,~4,bilinmiyor,https://store.steampowered.com/search/?developer=Rubedo%20Games,PC indie,Soulbind: Tales of the Underworld,bilinmiyor,bilinmiyor,bağımsız,Mersin HQ; uluslararası varlık.
Arkhe Games,Diğer şehirler,Mersin (ofis; uzaktan ekip),2021,~34 (şirket beyanı; 3 kıta),50M+ indirme / 140 ülke (şirket),https://arkhegames.com,mobil hyper/hybrid,Human Fortune; Battery Run,bilinmiyor,uzaktan ağırlıklı + Mersin ofis,bağımsız,Mersin merkezli ölçeklenmiş mobil stüdyo.
Wide Game Studio,Diğer şehirler,Kayseri (AGÜ),2019,~9,$1.2M değerleme beyanı (2024),https://widegamestudio.com,AR/VR,Flare Frenzy; Flare Frenzy 2; Santa Climber; GRAVI; Wizard's Legacy,bilinmiyor,bilinmiyor,bağımsız,AA / Workup Gaming görünürlüğü.
Kirpy Games,Diğer şehirler,Adana (Seyhan),2021,bilinmiyor,bilinmiyor,https://kirpygames.com,casual / hyper-casual mobil,bilinmiyor,bilinmiyor,bilinmiyor,bağımsız,Adana merkezli mobil stüdyo.
imaginite Games Studio,Diğer şehirler,Adana (Çukurova Teknopark),2015,bilinmiyor,bilinmiyor,,mobil + animasyon,bilinmiyor,bilinmiyor,bilinmiyor,bağımsız,Aktiflik 2026'da doğrulanamadı; tarihsel kayıt.
Hookey Games,Diğer şehirler,Konya (Selçuklu),2020,~5,bilinmiyor,https://hookeystudio.com,mobil,bilinmiyor,bilinmiyor,bilinmiyor,bağımsız,Konya merkezli küçük mobil stüdyo.
Boom Codes,Diğer şehirler,Samsun Teknopark (HQ İstanbul),2021,küçük,bilinmiyor,https://boomcodes.com,hyper-casual; AI,bilinmiyor,bilinmiyor,bilinmiyor,bağımsız,Samsun ofisli; merkez İstanbul.
Ruby Games,İstanbul,İstanbul,2017,bilinmiyor,AppLovin satın alımı (2021),https://rubygames.com,hyper-casual,bilinmiyor,bilinmiyor,bilinmiyor,AppLovin,Erken hyper-casual exit'lerinden.
Stormling Studios,İstanbul,İstanbul,bilinmiyor,bilinmiyor,bilinmiyor,https://stormlingstudios.com,PC/konsol indie,bilinmiyor,bilinmiyor,bilinmiyor,bağımsız,Wikipedia kategorisinde geçen yerli stüdyo.
Motion Blur,İstanbul,İstanbul,bilinmiyor,bilinmiyor,bilinmiyor,https://motionblur.com.tr,sinematik / oyun görseli,bilinmiyor,bilinmiyor,bilinmiyor,bağımsız,Oyun ve sinema görsel stüdyosu; oyun şirketi kategorisinde geçer.
Simsoft,Ankara,Ankara (ODTÜ Teknokent),2006,bilinmiyor,bilinmiyor,https://simsoft.com.tr,simülasyon / serious games / savunma,bilinmiyor,evet — TOGED staj geçmişi,bilinmiyor,bağımsız,Klasik oyun stüdyosu değil; TOGED staj listesinde.
HAVELSAN,Ankara,Ankara,1982,bilinmiyor,bilinmiyor,https://havelsan.com.tr,savunma simülasyon / eğitim,bilinmiyor,evet — TOGED staj geçmişi,bilinmiyor,kamu bağlantılı,Stüdyo değil; simülasyon kapsamı için.
Reo-Tek,Ankara,Ankara (ODTÜ Teknokent),bilinmiyor,bilinmiyor,bilinmiyor,https://reo-tek.com,VR / dijital müzecilik,bilinmiyor,evet — TOGED staj geçmişi,bilinmiyor,bağımsız,Serious/VR; TOGED staj listesinde.
Paxie Games,İstanbul,İstanbul,2021,bilinmiyor,DoubleU Games %60 hissesi $27M (2025); Merge Studio $34M+ kümülatif gelir beyanı,https://paxiegames.com,mobil merge / casual,Merge Studio: Fashion Makeover; Tile Star; Mahjong Infinity,bilinmiyor,bilinmiyor,DoubleU Games (çoğunluk),Ludus portföyünden çıkış; merge-2 hit.
Mission Control Games,İstanbul,İstanbul; Londra,2026,küçük (erken),"$4M pre-seed (General Catalyst, 2026)",https://missioncontrol.gs,casual puzzle,ilk oyun geliştirme aşamasında,bilinmiyor,bilinmiyor,bağımsız,General Catalyst $4M pre-seed; Merge Dragons! veteranları; Londra+İstanbul.
Mindtail,İstanbul,İstanbul,bilinmiyor,bilinmiyor,~$2M pre-seed (sektör haberleri),,mobil oyun,bilinmiyor,bilinmiyor,bilinmiyor,bağımsız,İstanbul merkezli erken aşama stüdyo.
Lokum Games,İstanbul,İstanbul,~2010s (Zula kökeni),bilinmiyor,bilinmiyor,https://www.lokumgames.com,mobil FPS / shooter,Tactical Strike,bilinmiyor,bilinmiyor,bağımsız,Zula tecrübesiyle mobil shooter platformu.
Leap Games,İstanbul,İstanbul,~2023/2024,bilinmiyor,bilinmiyor,https://www.leapgames.mobi,mobil hidden-object / puzzle,Hidden Tales; Search It,bilinmiyor,bilinmiyor,bağımsız,Sarıyer/Emirgan; casual hidden-object.
Fortune Mine Games,İstanbul,İstanbul (Kadıköy),2021,~24,$2.85M toplam fon (Ludus),https://fortunemine.com,sosyal / casual mobil,Coin Chef,bilinmiyor,bilinmiyor,bağımsız,Uzun ömürlü sosyal casual odaklı.
Gleam Games,İstanbul,İstanbul,~2021,bilinmiyor,Game District satın alımı (2024 haberleri),https://gleamgames.com,mobil puzzle / match,EverBlast,bilinmiyor,bilinmiyor,Game District,İş ilanları aktif.
Playable Factory,İstanbul,İstanbul,bilinmiyor,bilinmiyor,Tamatem satın alımı (sektör haberi),https://playablefactory.com,playable ad / creative teknoloji,bilinmiyor,bilinmiyor,bilinmiyor,Tamatem,Tamatem satın alma haberi; playable üretim odaklı.
Hungri Games,İstanbul,İstanbul (+ Belfast),2019,bilinmiyor,bilinmiyor,https://hungrigames.com,mid-core / RPG / multiplayer mobil,bilinmiyor,bilinmiyor (kariyer sayfası var),bilinmiyor,bağımsız,"İstanbul kökenli, uluslararası ekip."
Biotech Gameworks,İstanbul,İstanbul,2023,~10 (LinkedIn),bilinmiyor,https://biotechgameworks.com,PC simülasyon / cooking,Kebab Chefs!,bilinmiyor,bilinmiyor,bağımsız,Kebab Chefs! cooking/sim.
Abrakadabra Games,İstanbul,İstanbul,bilinmiyor,bilinmiyor,fonlanmış (sektör listeleri),https://abrakadabragames.io,mobil,bilinmiyor,bilinmiyor,bilinmiyor,bağımsız,İstanbul mobil stüdyo.
Apphic Games,İstanbul,İstanbul,bilinmiyor,bilinmiyor,fonlanmış (sektör listeleri),https://apphic.com,mobil,Nusrat; Fetih İstanbul,bilinmiyor,bilinmiyor,bağımsız,Erken aşama İstanbul stüdyosu.
Studio Billion,İstanbul,İstanbul,2017,bilinmiyor,fonlanmış (sektör listeleri),https://studiobillion.com,mobil casual / hypercasual / simülasyon,Construction Simulator 3D; HR Master; Spin Warriors Istanbul; Word Hunters,bilinmiyor (kariyer sayfası var),bilinmiyor,bağımsız,İstanbul mobil stüdyo.
Gnarly Games,İstanbul,İstanbul,bilinmiyor,bilinmiyor,WePlay yatırımı (sektör),https://gnarlyteam.com,casual mobil,Frontline Heroes; Agent Hunt; Sea Lords,bilinmiyor,bilinmiyor,bağımsız,Fatih/Balat; WePlay yatırımı geçmişi.
Gulliver's Games,İstanbul,İstanbul,2019,bilinmiyor,fonlanmış (sektör),https://gullivers.games,mobil kelime / puzzle / tycoon,Word Tiles GO; Restaurant Tycoon; Plant Shop Tycoon,bilinmiyor (kariyer sayfası var),bilinmiyor,bağımsız,İstanbul mobil stüdyo.
Veloxia,İstanbul,İstanbul,bilinmiyor,bilinmiyor,Boğaziçi Ventures portföyü,https://veloxia.co,idle / simülasyon / MOBA,Space Colony: Idle; Idle Port; Embershard,bilinmiyor,remote-friendly (kariyer metni),bağımsız,Levent; BV portföy anmasıyla uyumlu.
Soft Towel Games,İstanbul,İstanbul,bilinmiyor,~10 (LinkedIn),bilinmiyor,https://softtowelgames.com,mobil kelime / puzzle,Words of Paradise; Calming Word Puzzles,bilinmiyor,bilinmiyor,bağımsız,Şişli + Yeşilköy; Kontra Dijital.
Hyper Bandit Games,İstanbul,İstanbul,bilinmiyor,bilinmiyor,bilinmiyor,,hypercasual,bilinmiyor,bilinmiyor,bilinmiyor,bağımsız,İstanbul hypercasual stüdyo.
Sisifos Games,İstanbul,İstanbul,bilinmiyor,bilinmiyor,bilinmiyor,,mobil,bilinmiyor,bilinmiyor,bilinmiyor,bağımsız,İstanbul mobil stüdyo.
Digidodo Games,İstanbul,İstanbul,bilinmiyor,bilinmiyor,bilinmiyor,https://digidodogames.com,hybrid-casual mobil; AI destekli üretim,bilinmiyor,bilinmiyor,bilinmiyor,bağımsız,İstanbul; hızlı prototip / hybrid-casual.
Boom Games,İstanbul,İstanbul,bilinmiyor,bilinmiyor,bilinmiyor,,mobil / hypercasual,bilinmiyor,bilinmiyor,bilinmiyor,bağımsız,Boom Codes ile karıştırılmamalı.
Gamester,İstanbul,İstanbul,bilinmiyor,bilinmiyor,bilinmiyor,,mobil,bilinmiyor,evet — TOGED staj geçmişi,bilinmiyor,bağımsız,Geçmiş TOGED staj listesinde.
Nomad Monkey,İstanbul,İstanbul,2023,1–10 (LinkedIn),bilinmiyor,https://nomadmonkey.xyz,VR,Tunnels; Downhill Bike; Machine Shop Simulator,bilinmiyor,bilinmiyor,bağımsız,Tunnels Meta Quest (Mastiff yayın); OSTİM adres izi.
GameGuru,İstanbul,İstanbul,~2010 (site); bazı kaynaklar 2014,~19 (şirket About),500M+ indirme / 5M+ DAU beyanı (About),https://gameguru.net,hypercasual,Slap Kings; Fruit Clinic; Flick Goal; Street Hustle; Army Commander,bilinmiyor,bilinmiyor,bağımsız,Ayazağa; hypercasual odaklı uzun soluklu stüdyo.
Curse Game Studio,İstanbul,İstanbul,2019,bilinmiyor,bilinmiyor,,hypercasual 3D,bilinmiyor,bilinmiyor,bilinmiyor,bağımsız,3D hypercasual odaklı.
LuLu Games,İstanbul,İstanbul,2022,küçük,bilinmiyor,,mobil,bilinmiyor,bilinmiyor,bilinmiyor,bağımsız,Sektör listelerinde geçen yeni stüdyo.
Metaverse Game Studios,İstanbul,İstanbul,2020,bilinmiyor,yatırım turu (2022 sektör haberleri),https://angelicthegame.com,sıra tabanlı strateji RPG,Angelic: Dark Symphony,bilinmiyor,bilinmiyor,bağımsız,"2026'da Angelicore Game Studios adını aldı; ABD merkezli, İstanbul ekipli dağıtık stüdyo."
Phoelix Games,İstanbul,İstanbul,bilinmiyor,bilinmiyor,bilinmiyor,https://phoelixgames.com,mobil,Excavator Simulator 2025,bilinmiyor,bilinmiyor,bağımsız,İstanbul mobil stüdyo.
OXS Games,İstanbul,İstanbul,bilinmiyor,bilinmiyor,bilinmiyor,,mobil,bilinmiyor,bilinmiyor,bilinmiyor,bağımsız,İstanbul mobil stüdyo.
SekGames,İstanbul,İstanbul,bilinmiyor,bilinmiyor,bilinmiyor,,mobil,bilinmiyor,bilinmiyor,bilinmiyor,bağımsız,İstanbul mobil stüdyo.
Wendigo Games,İstanbul,İstanbul,bilinmiyor,bilinmiyor,bilinmiyor,,oyun,bilinmiyor,bilinmiyor,bilinmiyor,bağımsız,İstanbul stüdyo.
Overbaked Studio,İstanbul,İstanbul,2026,bilinmiyor,bilinmiyor,https://overbaked.studio,oyun,bilinmiyor,bilinmiyor,bilinmiyor,bağımsız,Yeni kurulmuş stüdyo.
Rotten Games,İstanbul,İstanbul,bilinmiyor,bilinmiyor,bilinmiyor,https://rotten.games,mobil puzzle / hybrid-casual,Quick Chess; Ball Climber,bilinmiyor,bilinmiyor,bağımsız,İstanbul mobil stüdyo.
Deneb Games,İstanbul,İstanbul / Türkiye,bilinmiyor,bilinmiyor,bilinmiyor,,mobil,bilinmiyor,bilinmiyor,bilinmiyor,bağımsız,Türkiye merkezli mobil stüdyo.
Rotatelab,İstanbul,İstanbul / Türkiye,bilinmiyor,bilinmiyor,bilinmiyor,https://rotatelab.com,mobil,Cube Land,bilinmiyor,bilinmiyor,bağımsız,Türkiye mobil stüdyo.
Nokta Games,Ankara,Ankara,2017,~10–20 (LinkedIn),Supermarket Simulator milyonlarca oyuncu; Steam hit,https://noktagames.com,PC/konsol simülasyon,Supermarket Simulator; Toy Of War,bilinmiyor,bilinmiyor,bağımsız,Supermarket Simulator 1.0; konsol port ortaklıkları haberleri.
skgames,Ankara,Ankara,2014,bilinmiyor,Traffic Rider yüz milyonlarca indirme (sektör),https://skgames.net,mobil yarış / arcade,Traffic Rider; Traffic Racer; Wings on Fire,bilinmiyor (kariyer sayfası var),bilinmiyor,bağımsız,Soner Kara; uzun soluklu mobil yarış hitleri.
Curve Animation,Ankara,Ankara,2014,~16 (LinkedIn),Liar's Bar viral başarı,https://curve.com.tr,animasyon + oyun,Liar's Bar; Chicken Away,bilinmiyor (kariyer sayfası var),bilinmiyor,bağımsız,Animasyon kökenli; Liar's Bar ile oyun görünürlüğü.
Pixega Studio,Ankara,Ankara,2015,bilinmiyor,bilinmiyor,https://www.pixegastudio.com,oyun geliştirme / oyun sanatı / VR / AR,Twelve Labours of Hercules,evet — TOGED staj geçmişi,bilinmiyor,bağımsız,TOGED staj listesinde.
Zibumi,Ankara,Ankara (ODTÜ Teknokent atıf),~2008,bilinmiyor,bilinmiyor,,casual / browser,2Seksen; Monster Kartz,evet — TOGED staj geçmişi,bilinmiyor,bağımsız,"Erken dönem Ankara stüdyosu; 2020'de Esri tarafından satın alındı, Esri Ar-Ge Merkezi Ankara olarak devam ediyor."
2DOT Games,Ankara,Ankara (ODTÜ ATOM),bilinmiyor,bilinmiyor,bilinmiyor,https://2dotgames.com,PC / mobil indie,Unbelievers,bilinmiyor,bilinmiyor,bağımsız,ATOM ekosistemi stüdyosu.
Celtwood Games,Ankara,Ankara (ODTÜ ATOM),bilinmiyor,bilinmiyor,bilinmiyor,,oyun,bilinmiyor,bilinmiyor,bilinmiyor,bağımsız,ATOM ekosistemi stüdyosu.
Skyloft Studios,İzmir,İzmir,2015,~10–20 (LinkedIn),bilinmiyor,https://skyloftstudios.com,hypercasual / hybrid / mid-core,Hyper Survive 3D; Hyper Knight,bilinmiyor,bilinmiyor,bağımsız (BoomHits ortak ofis),BoomHits ile ofis birleşmesi; site under construction.
BoomHits,İzmir,İzmir (+ UK/Polonya hub),2021,küçük (LinkedIn ~3; BoomBit birleşmesi sonrası belirsiz),70M+ indirme beyanı; BoomBit iştiraki,https://boomhits.com,hypercasual / idle / hybrid yayıncılık,Shoe Race; Cat Life Sim; Crazy Traffic Control; Hyper Touchdown 3D,bilinmiyor,bilinmiyor,BoomBit iştiraki,BoomBit iştiraki; İzmir+UK+PL hub.
Joinco Games,İzmir,İzmir (Ege Teknopark / Bornova),2022,~10–20 (LinkedIn),$3.3M değerleme pre-seed (2024; Mobidictum),https://joincogames.com,AI-native competitive multiplayer; sport/arcade,Angry Goals,kariyer sayfası var,bilinmiyor,bağımsız,Angry Goals soft launch/canlı operasyon aşaması.
Teos Games,İzmir,İzmir,2021,~15–18 (site 15+; Tracxn ~18),bilinmiyor,https://teosgamestudio.com,mobil puzzle / brain-test; kalıcı oyun hedefi,Help Me,kariyer sayfası var,uzaktan ağırlıklı (şirket beyanı),bağımsız,İzmir + remote model site beyanı.
Room Games,İzmir,İzmir,2022,~11 (LinkedIn),bilinmiyor,https://roomgames.co,PC/konsol; hipergerçekçi RC / multiplayer,Recharge,evet — Intern Game Tester (site ekip listesi),bilinmiyor,bağımsız,İzmir çıkışlı indie; Steam Recharge; Gamescom 2026 İZKA asil.
HOGO Games,Diğer şehirler,Kocaeli,bilinmiyor,bilinmiyor,~$5M değerleme turu (2025; Red Axe + melekler),https://hogogames.com,PC + mobil,Marble Race; Travel Jam!; Fill The Bucket,bilinmiyor,bilinmiyor,bağımsız,Çok platformlu; PC odaklı büyüyor.
Red Axe Games,Diğer şehirler,Antalya,2023,bilinmiyor,bilinmiyor (HOGO'ya yatırımcı),https://redaxegames.com,PC simülasyon / yayıncılık,Car For Sale Simulator 2023; Gym Simulator 24; Banker Simulator; Car Service Simulator,bilinmiyor,bilinmiyor,bağımsız,Antalya; Steam sim / yayıncı profili.
Elite Games,Ankara,Ankara,bilinmiyor,bilinmiyor,bilinmiyor,,oyun,bilinmiyor,evet — TOGED staj geçmişi,bilinmiyor,bağımsız,TOGED staj listesinde.
Black COCO,Ankara,Ankara / Türkiye,bilinmiyor,bilinmiyor,bilinmiyor,,oyun,bilinmiyor,evet — TOGED staj geçmişi,bilinmiyor,bağımsız,TOGED staj listesinde.
Infosfer,Ankara,Ankara,bilinmiyor,bilinmiyor,bilinmiyor,,oyun / yazılım,bilinmiyor,evet — TOGED staj geçmişi,bilinmiyor,bağımsız,TOGED staj listesinde.
DGR Project,Ankara,Ankara / Türkiye,bilinmiyor,bilinmiyor,bilinmiyor,,oyun,bilinmiyor,evet — TOGED staj geçmişi,bilinmiyor,bağımsız,TOGED staj listesinde.
SanLab,Ankara,Ankara,bilinmiyor,bilinmiyor,bilinmiyor,https://sanlab.net,simülasyon / serious,bilinmiyor,evet — TOGED staj geçmişi,bilinmiyor,bağımsız,TOGED staj listesinde; serious/sim. Resmi siteye göre merkez İstanbul (Kartal).
Oldmoustache,İstanbul,İstanbul / Türkiye,2014,bilinmiyor,bilinmiyor,https://www.clockwizardgames.com,oyun,No70: Eye of Basir; Haunt Chaser; Demonologist,evet — TOGED staj geçmişi,bilinmiyor,bağımsız,TOGED staj listesinde; Clock Wizard Games adıyla devam ediyor.
Unico Studio,İstanbul,İstanbul (+ Palo Alto; Ankara varlığı),2018,~77–100+ (LinkedIn ~77; site 100+),1.6B+ indirme beyanı,https://unicostudio.co,casual puzzle,Brain Test; Woody Sort; 2248; Screw Out 3D; Who is?; Word Pearls,bilinmiyor (LinkedIn Intern kaydı; kariyer sayfası izlenmeli),uzaktan ağırlıklı / remote-first (şirket beyanı; TR ofisleri var),bağımsız,"Site: 1.6B+ install, 50+ oyun; Palo Alto HQ + TR ekibi baskın."
Gamegos,İstanbul,İstanbul (Ataşehir),2006,~40 (LinkedIn),bilinmiyor,https://www.gamegos.com,casual simülasyon / cooking,Cafeland; Manor Cafe; Adventure Bay; Marketland; Fashland,bilinmiyor,bilinmiyor,bağımsız,Facebook sosyal hit → mobil F2P; Amsterdam varlığı LinkedIn’de.
Fiber Games,İstanbul,İstanbul,2018,~18 (LinkedIn),BV/Arz seed; toplam fon ~$1M bandı (LinkedIn); erken BV 3M TL haberi,https://www.fibergames.com.tr,hyper/hybrid-casual,Weld It 3D; Beauty Center; Kral Şakir: Macera Adası; Opet Ultra Race,bilinmiyor,bilinmiyor,bağımsız,Kozyatağı; Rollic yayın ortaklığı geçmişi; 200+ prototip iddiası (BV).
Moon Star Games,İstanbul,İstanbul,2019,küçük (1–10; LinkedIn düşük),40M+ indirme beyanı,https://moonstargames.co,açık dünya sürüş / yarış sim,Motorcycle Driving: Cop Chase; Bike Rider; Car Crash Simulator; Real Moto Bike Racing,bilinmiyor,bilinmiyor,bağımsız,Play’de Moon Star Games Yazilim; 40M+ indirme / ~5M AU şirket beyanı.
SKEB Studios,İstanbul,İstanbul (Şişli),2018,~6 (LinkedIn),bilinmiyor; 4M+ indirme beyanı,https://skebstudios.com,PC indie + hypercasual,Colony; Slice Master; Color Rush; Hyper Dunk; Loot Town,bilinmiyor,bilinmiyor,bağımsız,"Site: 4M+ indirme, GIST ödüllü Colony; PC+hypercasual."
Pax Animi Games,İstanbul,İstanbul,2020,~4 (LinkedIn),Entertech/Yapı Kredi ~$250K (2025); toplam fon ~$280K bandı,https://www.paxanimigames.com,hyper/casual,Money to Billions; Pure Farm; FishAway,bilinmiyor,bilinmiyor,bağımsız,Bambu/Rollic hızlandırıcı mezunu.
Aden Games,İstanbul,İstanbul (+ Londra),2018,~10 (LinkedIn),bilinmiyor,https://adengames.com,hyper/casual; Web3,Weapon Craft Run; Gold Rush 3D; MarbleVerse,bilinmiyor (LinkedIn Intern kaydı geçmişi),bilinmiyor,bağımsız,Gold Rush 3D 10M+; Weapon Craft Run Rollic ile hızlı ölçek.
Duello Games,İstanbul,İstanbul,2010,~4 (LinkedIn),iSlash 20M+ indirme (şirket About); kesin ciro bilinmiyor,https://duello.com,mobil puzzle / arcade,iSlash; iSlash Heroes; TripTrap; Bellyfish,bilinmiyor,bilinmiyor,bağımsız,Erken App Store hit; ekip küçülmüş görünüyor.
Inventuna Games,İstanbul,İstanbul (İTÜ Teknokent),2021,1–10 (LinkedIn düşük/~2),bilinmiyor,https://www.inventuna.com,blockchain action RPG,Heroes Chained,bilinmiyor,bilinmiyor,bağımsız,İTÜ Arı Teknokent; GameFi sonrası ekip/ürün belirsizliği yüksek.
Softgames (İstanbul ofisi),İstanbul,İstanbul (Berlin HQ),2006,~90 global (şirket remote-work yazısı),bilinmiyor,https://softgames.com,instant / web / sosyal casual,bilinmiyor,evet — Mandatory Internship / Pflichtpraktikum ilanı (site),uzaktan ağırlıklı / remote-first (şirket beyanı; İstanbul ofis belgelenmiş),Softgames GmbH,"Berlin HQ + Toronto; İstanbul ofis tasarım projesi (Altun, ~2022–23)."
Frostline Games,İstanbul,İstanbul (Zaim Teknopark),2021,~4 (sektör; 1–10),seed ~$196K (2023; VCBacked),https://frostline.games,PC/konsol; MOBA / FPS arena / battle royale (planlanan),Kaçka (geliştirme); Naipler; Dünyalar Savaşı,bilinmiyor,bilinmiyor,bağımsız,Zaim Teknopark; ürünler henüz geniş çıkışlı değil.
Rocinante Games,İstanbul,İstanbul (İZÜ Teknopark),2021,küçük,bilinmiyor,https://rocinantegames.com,hyper-casual mobil,bilinmiyor,bilinmiyor,bilinmiyor,bağımsız,Küçük teknopark stüdyosu.
Madcraft Studios,İstanbul,İstanbul,2018,1–10 (LinkedIn/Tracxn düşük),WePlay yatırımı (2020),https://madcraftstudios.com,PC narrative adventure,Crowalt: Traces of the Lost Colony,bilinmiyor,bilinmiyor,bağımsız,Crowalt Steam/konsol; madcraftstudios.com güncelde spam/hijack izlenimi — Steam kaydı esas.
Moonstar Games (3D Evi),İstanbul,İstanbul (Bakırköy),bilinmiyor,bilinmiyor,bilinmiyor,https://www.moonstargames.com,VR / PC,Castle Capture Topkapı; Despot Zombie,bilinmiyor,bilinmiyor,bağımsız,Moon Star Games (mobil) ile karıştırılmamalı.
ByteTyper,İstanbul,İstanbul (Kozyatağı); Ankara ofisi,2019,~10,Rollic/Zynga satın alma (2021),https://bytetyper.com,hyper-casual,Racing Online; Firefighter Hero; Touchdrawn,bilinmiyor,bilinmiyor,Rollic / Zynga,Rollic/Zynga 2021; Racing Online; Firefighter Hero; Touchdrawn.
ZeroSum,İstanbul,İstanbul (Sarıyer / Vadistanbul),2020,~11–50 (LinkedIn bandı),Rollic/Zynga satın alma (2021),,hyper-casual,Barista Life; Long Nails 3D; Off-Road Race,bilinmiyor,bilinmiyor,Rollic / Zynga,Rollic/Zynga 2021; resmi web doğrulanamadı (zerosum.co satışta).
Pinq Games,Ankara,Ankara (ODTÜ Teknokent / ATOM),2021,küçük (1–10; LinkedIn ~2),bilinmiyor,https://pinq.games,mid-core strateji; voxel R&D,Politon; Still Two Minutes,evet — stajyer/proje katkısı LinkedIn geçmişi,bilinmiyor,bağımsız (Otlak Yazılım),Politon full release Steam; PS/Xbox kit ortaklığı haberleri.
Oreon Studios,Ankara,Ankara,2022,~8,200M+ indirme beyanı,https://oreonstudios.com,hyper/hybrid-casual,Monster Draft; Slice Master; Draw Army; Mask Evolution; Build A Car,bilinmiyor,bilinmiyor,bağımsız,Mart 2022 kuruluş; 200M+ indirme şirket beyanı.
Hypermonk Games,Ankara,Ankara (Hacettepe Teknokent),2021,~35–36 (Tracxn/sektör),~$17.5M (Hacettepe Teknokent 2024 beyanı); ~80M indirme,https://hypermonkgames.com,yarış / casual,Highway Overtake; Dyno 2 Race; Drift 2 Drag; Count Bounce,bilinmiyor,bilinmiyor,bağımsız,Bazı kaynaklar kuruluş 2020; Highway Overtake global yarış #1 iddiası.
Kodgraf Game Studio,Ankara,Ankara (ODTÜ Teknokent),2008,bilinmiyor,bilinmiyor,https://www.kodgraf.com,PC/mobil,Boğaz Harbi; Protector M; Hürriyet Kelime,bilinmiyor,bilinmiyor,bağımsız,Erken Teknokent stüdyosu; güncel aktivite sınırlı olabilir.
Creasaur Entertainment,Ankara,Ankara,2017,11–50 bandı (LinkedIn),Rollic/Zynga satın alma (2021),https://creasaur.net,hyper-casual,Money Maker 3D; Hit Guys,bilinmiyor,ofis (açık ofis beyanı; remote-first değil),Rollic / Zynga,Bilkent Cyberpark; Rollic/Zynga 2021.
Quok Games,Ankara,Ankara,2020,bilinmiyor,bilinmiyor,,mobil,bilinmiyor,bilinmiyor,bilinmiyor,bağımsız,Ankara mobil stüdyo (sektör ağında).
396 Animation & Game Studios,Eskişehir,Eskişehir (ATAP Anadolu Teknopark),2018,~26,bilinmiyor,https://www.linkedin.com/company/396-animation-and-game-studios,animasyon + oyun prodüksiyon,TRT Çocuk: Anadolu Rock ve Tuhafiye; Mercanya; Akıncı,bilinmiyor,bilinmiyor,bağımsız,"ATAP'ta; yerli yayıncılık/animasyon ağırlıklı, oyun prodüksiyon da yapıyor."
Craftbridge Games,Eskişehir,Eskişehir (ATAP Yazılımkule / EOSB),bilinmiyor,1–10,bilinmiyor,https://craftbridgegames.com,PC indie / side-scroller,The Carnival of Company; Ginga Cantina,bilinmiyor,bilinmiyor,bağımsız,ATAP firması CRAFTBRIDGE Bilişim; Steam'de yayınlı.
SensiBall VR,Eskişehir,Eskişehir (ATAP Anadolu Teknopark),bilinmiyor,bilinmiyor,bilinmiyor,https://sensiballvr.com,VR / serious games / spor bilişsel eğitim,SensiBallVR platformu,bilinmiyor,bilinmiyor,bağımsız,Futbol bilişsel performans için VR; oyun motoru/XR kesişimi.
Skunkworks Studios,Eskişehir,Eskişehir,~2024,1–10,bilinmiyor,,PC indie,Master of Cigkofte; Craft & Deliver; The Dismissed Case: Black Hollow,bilinmiyor,bilinmiyor,bağımsız,Eskişehir merkezli küçük indie; Steam çıkışları.
Fateloom,Eskişehir,Eskişehir,~2025,1–10,bilinmiyor,,oyun araçları / VFX / asset,Godot VFX pack; Audio Looper,bilinmiyor,bilinmiyor,bağımsız,Oyun geliştirici araçları ve VFX odaklı Eskişehir ekibi.
ValenGate Game Studio,Eskişehir,Eskişehir,2024,1–10,bilinmiyor,,oyun,bilinmiyor,bilinmiyor,bilinmiyor,bağımsız,Eskişehir merkezli yeni stüdyo.
Ash & Pause,Eskişehir,Eskişehir,2025,~5,bilinmiyor,https://www.ashandpause.com,PC indie / multiplayer platformer,TaterUp; Loop 13,bilinmiyor,bilinmiyor,bağımsız,Icarus topluluğu kökenli; Steam'de TaterUp.
Narradive Studios,Eskişehir,Eskişehir ofisi (HQ İstanbul atıf),2025,1–10,bilinmiyor,https://narradive.com,narrative indie,Will You Be My Disciple?; Command Pocket,bilinmiyor,bilinmiyor,bağımsız,Eskişehir'de ekip; narrative dark comedy.
Lumos İnteraktif,Eskişehir,Eskişehir (ATAP),2023,bilinmiyor,bilinmiyor,,interaktif / animasyon / medya,bilinmiyor,bilinmiyor,bilinmiyor,bağımsız,ATAP'ta interaktif medya; oyun-animasyon kesişimi.
Resimli Filim,Eskişehir,Eskişehir (ATAP),bilinmiyor,bilinmiyor,bilinmiyor,http://www.resimlifilim.com,animasyon stüdyosu,bilinmiyor,bilinmiyor,bilinmiyor,bağımsız,Saf oyun stüdyosu değil; Eskişehir animasyon ekosisteminin köklü aktörü.
Koala Film Stüdyo,Eskişehir,Eskişehir (ATAP),bilinmiyor,bilinmiyor,bilinmiyor,,animasyon / film,bilinmiyor,bilinmiyor,bilinmiyor,bağımsız,ATAP animasyon firması; yaratıcı endüstri görüşmelerinde yer alıyor.
Cyber Panda Studios,Eskişehir,Eskişehir,bilinmiyor,bilinmiyor,bilinmiyor,,mobil / blockchain oyun,bilinmiyor,bilinmiyor,bilinmiyor,bağımsız,Eskişehir atıflı; doğrulama sınırlı.
Tasarım Simülasyon Teknolojileri,Eskişehir,Eskişehir (ESOGÜ Teknopark),bilinmiyor,bilinmiyor,bilinmiyor,,simülasyon teknolojileri,bilinmiyor,bilinmiyor,bilinmiyor,bağımsız,ATAP/ESOGÜ; serious simülasyon tarafı.
Umay Müze Tasarımı,Eskişehir,Eskişehir (ATAP),bilinmiyor,bilinmiyor,bilinmiyor,,müze / etkileşimli deneyim,bilinmiyor,bilinmiyor,bilinmiyor,bağımsız,Oyun değil; etkileşimli/müze teknolojisi — ekosistem komşusu.
Games United,Ekosistem / dernek / kuluçka,Eskişehir (Anadolu Üni. ortaklığı),bilinmiyor,—,—,,oyun kuluçka / mentorluk / yayın ortaklığı,—,kuluçka programı yürütür,—,özel,ARİNKOM TTO + Anadolu Üni. + ETO ile Oyun ve Animasyon Geliştirme Merkezi ortağı.
ARİNKOM TTO,Ekosistem / dernek / kuluçka,Eskişehir (Anadolu Üniversitesi),—,—,—,https://arinkom.anadolu.edu.tr,teknoloji transfer / ön kuluçka,—,mentorluk başvuruları açılır,—,üniversite TTO,Games United ile oyun kuluçka; ANAÇ ön kuluçka alanı.
ATAP / ETGB,Ekosistem / dernek / kuluçka,Eskişehir,1984 (ATAP),106 aktif firma (genel),—,https://www.atap.com.tr,teknopark yönetici şirket,—,bilinmiyor,—,yönetici şirket,"Mobge, 396, Craftbridge, SensiBall VR, Resimli Filim vb. barındırır."
Icarus Oyun Geliştirme Topluluğu,Ekosistem / dernek / kuluçka,Eskişehir (ESOGÜ),2023,—,—,,öğrenci oyun topluluğu,—,eğitim / etkinlik,—,öğrenci topluluğu,Ash & Pause gibi ekiplerin çıktığı yerel yetenek havuzu.
ESTÜ Prototip Merkezi,Ekosistem / dernek / kuluçka,Eskişehir (Eskişehir Teknik Üni.),—,—,—,,prototip / yaratıcı endüstri desteği,—,bilinmiyor,—,üniversite,Yerel oyun ekiplerini UMFF vb. etkinliklere taşıyor.
BEBKA,Ekosistem / dernek / kuluçka,Bursa-Eskişehir-Bilecik,—,—,—,https://www.bebka.org.tr,kalkınma ajansı / Üreten Şehirler,—,—,—,kamu,Oyun ve Animasyon Geliştirme Merkezi finansman ortağı.
ATOM,Ekosistem / dernek / kuluçka,Ankara (ODTÜ Teknokent),2008,—,—,https://atom.org.tr,ön kuluçka / kuluçka,—,hayır (stüdyolara yönlendirir),—,ODTÜ Teknokent,50+ mezun şirket; oyun/animasyon kuluçkası.
The Game Circle,Ekosistem / dernek / kuluçka,Ankara + İstanbul,2021,—,—,https://www.thegamecircle.com,hızlandırıcı / yayın / yatırım,—,bilinmiyor,—,özel,Oyun odaklı kuluçka ve yayın.
TOGED,Ekosistem / dernek / kuluçka,Türkiye geneli,—,—,—,https://toged.org,sektör derneği,—,'Bu Yaz Oyun Yaz' staj programı (geçmiş yıllar),—,STK,Üye stüdyo listesi ve staj eşleştirmesi.
OYUNDER,Ekosistem / dernek / kuluçka,Türkiye geneli,—,—,—,https://oyunder.org,tasarımcı/geliştirici/üretici derneği,—,bilinmiyor,—,STK,Sektör temsil örgütü.
Bilkent Cyberpark,Ekosistem / dernek / kuluçka,Ankara,—,—,—,https://www.cyberpark.com.tr,teknopark; Games from Türkiye,—,bilinmiyor,—,teknopark,TOGED üyesi; ticari heyetler.
Anadolu Oyun ve Animasyon Geliştirme Merkezi,Ekosistem / dernek / kuluçka,Eskişehir (Anadolu Üni. GSF),—,—,—,https://www.etonet.org.tr/proje/oyun-ve-animasyon-gelistirme-merkezi,ön kuluçka / kuluçka,—,mentorluk programı,—,Anadolu Üni. + Games United + ETO + BEBKA,Üreten Şehirler Programı; animasyon+oyun yetenek havuzu.
DEPARK / BAMBU,Ekosistem / dernek / kuluçka,İzmir,—,—,—,https://www.depark.com,teknopark / dijital oyun hızlandırma,—,bilinmiyor,—,DEÜ,"Mage, Ruff, Furtle, Althera; BAMBU D.O.S programı."
Teknopark İzmir,Ekosistem / dernek / kuluçka,İzmir (İYTE / Urla),—,—,—,https://teknoparkizmir.com.tr,teknopark,—,bilinmiyor,—,teknopark,"Digitoy, Pyro, Toon Metal, Cave, Anisoft vb."
Ege Teknopark,Ekosistem / dernek / kuluçka,İzmir (Bornova),—,—,—,https://www.egeteknopark.com.tr,teknopark,—,bilinmiyor,—,teknopark,Joinco Games vb. oyun girişimleri.
İZKA,Ekosistem / dernek / kuluçka,İzmir,2006,—,—,https://www.izka.org.tr,kalkınma ajansı / Gamescom katılım desteği,—,—,—,kamu,"Stride, Joinco, Room, Gizmolabz Gamescom 2026 desteği."
